desc: I1 cache:         65536 B, 64 B, 8-way associative
desc: D1 cache:         32768 B, 64 B, 8-way associative
desc: LL cache:         12582912 B, 64 B, 12-way associative
cmd: ./cache_multiplicacao_O2 512 blocos 32
events: Ir I1mr ILmr Dr D1mr DLmr Dw D1mw DLmw 
fl=/home/nobutan/Projetos/artigo-hierarquia-memoria-hw/src/cache_multiplicacao.c
fn=criar_matriz
11 9 0 0 0 0 0 3 0 0
12 9 1 1 0 0 0 3 0 0
14 6 0 0 0 0 0 0 0 0
20 6 0 0 6 0 0 0 0 0
fn=inicializar_matriz
23 393250 1 1 2 2 1 0 0 0
24 5242902 4 4 0 0 0 262144 65537 65536
26 2 1 1 2 2 0 0 0 0
fn=main
29 3 0 0 0 0 0 0 0 0
30 5 1 1 0 0 0 1 0 0
35 3 0 0 0 0 0 0 0 0
37 393220 0 0 0 0 0 0 0 0
38 262144 1 1 262144 32769 0 0 0 0
81 3 1 1 0 0 0 1 1 0
82 2 0 0 0 0 0 0 0 0
88 1 0 0 1 0 0 0 0 0
91 3 0 0 0 0 0 1 0 0
92 3 0 0 0 0 0 1 0 0
93 3 0 0 0 0 0 1 0 0
95 3 0 0 0 0 0 1 0 0
96 3 0 0 0 0 0 1 0 0
99 5 0 0 0 0 0 1 0 0
101 5 0 0 0 0 0 1 0 0
102 6 1 1 1 0 0 1 0 0
112 1 0 0 0 0 0 1 1 0
114 6 0 0 1 1 0 1 0 0
116 2 0 0 0 0 0 1 0 0
117 2 1 1 0 0 0 1 0 0
118 2 0 0 0 0 0 1 0 0
120 7 0 0 5 1 0 0 0 0
121 3 0 0 2 0 0 0 0 0
fn=multiplicar_blocos
8 30304 1 1 0 0 0 8736 0 0
58 28 0 0 0 0 0 22 1 0
59 68 2 2 0 0 0 0 0 0
60 1568 0 0 1024 0 0 0 0 0
61 12544 0 0 0 0 0 0 0 0
64 512 0 0 0 0 0 256 0 0
65 8192 0 0 0 0 0 4096 0 0
67 552960 2 2 151552 496 0 0 0 0
68 17432576 0 0 131072 8192 0 131072 0 0
69 17432576 1 1 4325376 655345 0 0 0 0
71 411041792 0 0 0 0 0 0 0 0
72 553648128 1 1 268435456 21626625 0 134217728 0 0
79 7 0 0 7 1 0 0 0 0
fl=/usr/include/stdlib.h
fn=main
487 17 2 2 2 0 0 9 0 0
fl=/usr/src/debug/glibc/glibc/csu/../csu/libc-start.c
fn=__libc_start_main@@GLIBC_2.34
128 2 1 1 2 0 0 0 0 0
134 3 0 0 1 1 0 0 0 0
135 7 0 0 3 1 0 2 0 0
138 1 0 0 1 0 0 0 0 0
139 2 0 0 0 0 0 0 0 0
142 3 1 1 2 1 0 0 0 0
143 7 0 0 2 0 0 1 0 0
144 6 1 1 1 0 0 0 0 0
145 4 0 0 1 0 0 2 0 0
242 13 2 2 0 0 0 7 0 0
311 2 0 0 0 0 0 0 0 0
312 4 0 0 0 0 0 1 0 0
337 6 0 0 2 0 0 1 0 0
340 2 0 0 0 0 0 0 0 0
343 2 1 1 2 0 0 0 0 0
350 2 0 0 2 0 0 1 0 0
352 2 0 0 0 0 0 0 0 0
360 4 0 0 1 0 0 1 0 0
fl=/usr/src/debug/glibc/glibc/csu/../sysdeps/nptl/libc_start_call_main.h
fn=(below main)
30 6 1 1 0 0 0 4 0 0
45 5 0 0 1 0 0 2 0 0
47 2 0 0 0 0 0 0 0 0
52 2 1 1 1 1 0 1 0 0
53 2 0 0 1 1 0 1 0 0
56 2 0 0 0 0 0 1 0 0
59 5 1 1 5 0 0 1 0 0
83 2 0 0 0 0 0 1 0 0
fl=/usr/src/debug/glibc/glibc/csu/init-first.c
fn=_init_first
46 5 1 1 0 0 0 1 0 0
51 2 0 0 1 0 0 0 0 0
55 5 1 1 4 2 1 0 0 0
61 1 0 0 0 0 0 1 1 0
62 1 0 0 0 0 0 1 0 0
63 2 0 0 1 0 0 1 1 1
71 2 0 0 0 0 0 0 0 0
72 1 0 0 1 0 0 0 0 0
fl=/usr/src/debug/glibc/glibc/ctype/ctype-info.c
fn=__ctype_init
37 1 1 1 0 0 0 0 0 0
39 7 1 1 5 2 0 1 0 0
41 4 0 0 2 1 0 1 0 0
42 2 0 0 1 0 0 1 0 0
43 2 0 0 1 0 0 0 0 0
44 1 0 0 1 0 0 0 0 0
fl=/usr/src/debug/glibc/glibc/debug/../sysdeps/x86_64/multiarch/ifunc-memmove.h
fn=__memcpy_chk
56 2 0 0 2 0 0 0 0 0
57 3 0 0 0 0 0 0 0 0
60 3 1 1 1 0 0 0 0 0
61 2 0 0 0 0 0 0 0 0
74 2 1 1 0 0 0 0 0 0
77 2 0 0 0 0 0 0 0 0
85 2 1 1 0 0 0 0 0 0
93 2 0 0 0 0 0 0 0 0
96 5 0 0 1 0 0 0 0 0
fn=__memmove_chk
56 2 0 0 2 0 0 0 0 0
57 3 1 1 0 0 0 0 0 0
60 3 0 0 1 0 0 0 0 0
61 2 0 0 0 0 0 0 0 0
74 2 1 1 0 0 0 0 0 0
77 2 1 1 0 0 0 0 0 0
85 2 0 0 0 0 0 0 0 0
93 2 0 0 0 0 0 0 0 0
96 5 0 0 1 0 0 0 0 0
fn=__mempcpy_chk
56 2 0 0 2 0 0 0 0 0
57 3 0 0 0 0 0 0 0 0
60 3 0 0 1 0 0 0 0 0
61 2 0 0 0 0 0 0 0 0
74 2 1 1 0 0 0 0 0 0
77 2 1 1 0 0 0 0 0 0
85 2 0 0 0 0 0 0 0 0
93 2 0 0 0 0 0 0 0 0
96 5 1 1 1 0 0 0 0 0
fl=/usr/src/debug/glibc/glibc/debug/../sysdeps/x86_64/multiarch/ifunc-memset.h
fn=__memset_chk
52 1 0 0 0 0 0 0 0 0
53 2 0 0 0 0 0 0 0 0
61 5 0 0 2 0 0 0 0 0
64 3 0 0 1 0 0 0 0 0
65 2 1 1 0 0 0 0 0 0
80 2 0 0 0 0 0 0 0 0
84 4 1 1 0 0 0 0 0 0
92 2 0 0 0 0 0 0 0 0
100 2 1 1 0 0 0 0 0 0
fl=/usr/src/debug/glibc/glibc/debug/../sysdeps/x86_64/multiarch/memcpy_chk.c
fn=__memcpy_chk
29 1 1 1 0 0 0 0 0 0
fl=/usr/src/debug/glibc/glibc/debug/../sysdeps/x86_64/multiarch/memmove_chk.c
fn=__memmove_chk
29 1 1 1 0 0 0 0 0 0
fl=/usr/src/debug/glibc/glibc/debug/../sysdeps/x86_64/multiarch/mempcpy_chk.c
fn=__mempcpy_chk
29 1 1 1 0 0 0 0 0 0
fl=/usr/src/debug/glibc/glibc/debug/../sysdeps/x86_64/multiarch/memset_chk.c
fn=__memset_chk
29 2 1 1 1 0 0 0 0 0
fl=/usr/src/debug/glibc/glibc/elf/../bits/stdlib-bsearch.h
fn=intel_check_word.constprop.0
26 648 0 0 0 0 0 0 0 0
28 972 0 0 0 0 0 0 0 0
43 60 0 0 0 0 0 0 0 0
44 60 1 1 0 0 0 0 0 0
46 120 0 0 0 0 0 0 0 0
fl=/usr/src/debug/glibc/glibc/elf/../elf/dl-tls.c
fn=_dl_add_to_slotinfo
1177 6 1 1 0 0 0 1 0 0
1178 4 0 0 2 0 0 0 0 0
1186 1 0 0 1 0 0 0 0 0
1189 1 0 0 1 1 0 0 0 0
1190 1 0 0 0 0 0 0 0 0
1194 3 1 1 1 0 0 0 0 0
1230 2 0 0 0 0 0 0 0 0
1233 2 0 0 0 0 0 1 1 1
1234 3 1 1 1 0 0 1 0 0
1236 1 0 0 1 0 0 0 0 0
1239 2 0 0 0 0 0 0 0 0
1240 2 0 0 2 0 0 0 0 0
fn=_dl_allocate_tls_init
612 6 1 1 0 0 0 3 0 0
613 3 0 0 0 0 0 1 0 0
617 2 0 0 1 1 0 1 0 0
619 1 0 0 0 0 0 0 0 0
623 3 0 0 1 1 0 2 0 0
626 7 1 1 2 1 0 3 0 0
643 16 1 1 2 0 0 1 0 0
649 4 1 1 0 0 0 0 0 0
652 3 0 0 1 0 0 0 0 0
653 2 0 0 0 0 0 0 0 0
659 3 1 1 2 0 0 0 0 0
660 2 0 0 0 0 0 0 0 0
662 9 0 0 4 1 0 1 0 0
665 2 0 0 0 0 0 0 0 0
666 2 0 0 1 0 0 0 0 0
669 2 1 1 0 0 0 0 0 0
670 4 0 0 2 0 0 0 0 0
672 2 0 0 0 0 0 0 0 0
673 2 0 0 1 0 0 0 0 0
682 1 0 0 0 0 0 1 0 0
692 3 1 1 1 0 0 1 0 0
694 10 0 0 3 0 0 4 0 0
697 3 0 0 2 0 0 0 0 0
698 1 0 0 1 0 0 0 0 0
702 1 0 0 1 0 0 0 0 0
708 2 0 0 1 0 0 1 0 0
711 7 1 1 6 0 0 1 0 0
714 3 0 0 3 0 0 0 0 0
fn=_dl_allocate_tls_storage
97 1 0 0 2 0 0 0 0 0
103 2 0 0 3 0 0 0 0 0
517 5 1 1 0 0 0 2 0 0
523 2 1 1 1 0 0 0 0 0
525 2 0 0 0 0 0 0 0 0
535 1 0 0 0 0 0 1 1 1
537 2 0 0 0 0 0 1 0 0
538 2 0 0 0 0 0 0 0 0
540 2 0 0 1 0 0 0 0 0
545 4 0 0 3 0 0 0 0 0
fn=_dl_assign_tls_modid
161 4 1 1 0 0 0 1 0 0
164 3 0 0 2 0 0 0 0 0
217 1 0 0 0 0 0 0 0 0
219 1 1 1 0 0 0 1 0 0
222 1 0 0 0 0 0 1 0 0
223 2 0 0 2 0 0 0 0 0
fn=_dl_count_modids
228 1 1 1 0 0 0 0 0 0
230 2 0 0 1 0 0 0 0 0
231 1 0 0 1 1 1 0 0 0
246 2 0 0 1 0 0 0 0 0
fn=_dl_determine_tlsoffset
251 7 1 1 0 0 0 4 0 0
252 2 0 0 0 0 0 0 0 0
253 1 0 0 0 0 0 0 0 0
254 1 1 1 0 0 0 0 0 0
286 1 0 0 0 0 0 0 0 0
288 13 1 1 2 0 0 1 0 0
289 4 0 0 4 0 0 0 0 0
291 12 1 1 4 0 0 0 0 0
294 3 0 0 1 0 0 0 0 0
295 2 0 0 1 0 0 0 0 0
297 2 0 0 0 0 0 0 0 0
299 4 1 1 0 0 0 0 0 0
315 8 0 0 0 0 0 0 0 0
318 1 0 0 0 0 0 0 0 0
320 5 0 0 0 0 0 0 0 0
323 1 0 0 0 0 0 0 0 0
327 1 0 0 0 0 0 1 0 0
344 3 0 0 0 0 0 0 0 0
350 9 1 1 0 0 0 0 0 0
361 3 0 0 0 0 0 1 0 0
363 1 0 0 0 0 0 1 0 0
364 7 0 0 1 0 0 0 0 0
366 2 0 0 0 0 0 1 0 0
455 1 0 0 0 0 0 1 0 0
456 5 0 0 5 0 0 0 0 0
fn=_dl_tls_initial_modid_limit_setup
1138 1 1 1 0 0 0 0 0 0
1139 1 0 0 1 0 0 0 0 0
1142 7 1 1 1 0 0 0 0 0
1144 6 0 0 2 0 0 0 0 0
1145 4 0 0 0 0 0 0 0 0
1148 2 0 0 1 0 0 0 0 0
1151 1 0 0 0 0 0 1 1 0
1152 1 0 0 1 0 0 0 0 0
fn=_dl_tls_static_surplus_init
119 3 0 0 0 0 0 0 0 0
133 7 1 1 0 0 0 3 0 0
136 5 0 0 1 0 0 1 0 0
137 5 1 1 1 0 0 1 0 0
138 3 0 0 0 0 0 0 0 0
140 4 0 0 0 0 0 0 0 0
143 1 0 0 0 0 0 0 0 0
145 1 0 0 0 0 0 1 0 0
147 3 0 0 0 0 0 1 0 0
148 5 0 0 4 0 0 0 0 0
fn=allocate_dtv
460 5 1 1 0 0 0 3 0 0
465 1 0 0 1 0 0 0 0 0
469 2 0 0 0 0 0 1 1 1
470 1 0 0 0 0 0 0 0 0
471 2 1 1 0 0 0 0 0 0
480 3 0 0 0 0 0 1 0 0
486 4 0 0 4 0 0 0 0 0
fl=/usr/src/debug/glibc/glibc/elf/../include/list.h
fn=__tls_init_tp
43 2 0 0 1 0 0 1 0 0
44 2 0 0 0 0 0 1 0 0
45 1 0 0 0 0 0 1 0 0
47 1 0 0 0 0 0 1 0 0
fl=/usr/src/debug/glibc/glibc/elf/../include/rtld-malloc.h
fn=__minimal_calloc
56 16 1 1 8 0 0 0 0 0
fn=_dl_allocate_tls_storage
56 1 0 0 1 0 0 1 0 0
fn=_dl_check_map_versions
44 9 0 0 3 0 0 3 0 0
fn=_dl_find_object_init
56 1 0 0 1 0 0 1 0 0
fn=_dl_important_hwcaps
56 4 1 1 2 0 0 2 0 0
fn=_dl_init_paths
56 3 1 1 2 0 0 2 0 0
fn=_dl_map_object_deps
56 6 1 1 3 0 0 3 0 0
fn=_dl_new_object
44 9 0 0 3 0 0 3 1 1
56 6 0 0 2 0 0 2 0 0
fn=allocate_dtv
44 2 0 0 1 0 0 1 0 0
fn=init_tls
44 4 0 0 1 0 0 2 0 0
fl=/usr/src/debug/glibc/glibc/elf/../include/scratch_buffer.h
fn=_dl_map_object_deps
77 2 0 0 0 0 0 1 0 0
78 1 0 0 0 0 0 1 1 1
85 4 2 2 1 0 0 0 0 0
131 6 0 0 0 0 0 2 0 0
fl=/usr/src/debug/glibc/glibc/elf/../include/stackinfo.h
fn=_dl_map_object_from_fd
62 96 1 1 18 0 0 16 1 1
fn=dl_main
62 8 1 1 1 0 0 1 0 0
fl=/usr/src/debug/glibc/glibc/elf/../misc/sbrk.c
fn=sbrk
37 5 1 1 0 0 0 1 0 0
40 1 0 0 1 0 0 0 0 0
58 2 0 0 0 0 0 0 0 0
62 2 0 0 0 0 0 0 0 0
78 3 1 1 2 0 0 0 0 0
fl=/usr/src/debug/glibc/glibc/elf/../nptl/nptl-stack.h
fn=__libc_early_init
61 12 1 1 1 0 0 0 0 0
fl=/usr/src/debug/glibc/glibc/elf/../sysdeps/generic/dl-cache.h
fn=_dl_load_cache_lookup
194 1 0 0 1 0 0 0 0 0
195 5 0 0 0 0 0 0 0 0
fn=search_cache
125 1 0 0 1 0 0 0 0 0
fl=/usr/src/debug/glibc/glibc/elf/../sysdeps/generic/dl-call_tls_init_tp.h
fn=init_tls
31 8 0 0 0 0 0 2 0 0
33 1 0 0 0 0 0 1 0 0
fl=/usr/src/debug/glibc/glibc/elf/../sysdeps/generic/dl-debug.h
fn=dl_main
29 3 0 0 1 0 0 0 0 0
30 1 0 0 0 0 0 1 0 0
fl=/usr/src/debug/glibc/glibc/elf/../sysdeps/generic/dl-hash.h
fn=__rtld_malloc_init_real
43 2 0 0 0 0 0 0 0 0
44 2 0 0 0 0 0 0 0 0
45 19 0 0 6 0 0 0 0 0
48 18 1 1 0 0 0 0 0 0
62 24 0 0 0 0 0 0 0 0
67 1 0 0 0 0 0 0 0 0
72 1 1 1 0 0 0 1 0 0
fl=/usr/src/debug/glibc/glibc/elf/../sysdeps/generic/dl-new-hash.h
fn=_dl_lookup_symbol_x
69 103 0 0 0 0 0 0 0 0
70 206 0 0 0 0 0 0 0 0
74 806 0 0 806 93 88 0 0 0
77 1612 1 1 0 0 0 0 0 0
80 749 0 0 749 8 8 0 0 0
81 1498 0 0 0 0 0 0 0 0
87 46 1 1 0 0 0 0 0 0
88 46 0 0 0 0 0 0 0 0
89 92 0 0 0 0 0 0 0 0
90 46 0 0 0 0 0 0 0 0
99 703 0 0 0 0 0 0 0 0
101 703 0 0 0 0 0 0 0 0
102 1406 0 0 0 0 0 0 0 0
104 703 0 0 0 0 0 0 0 0
105 703 0 0 0 0 0 0 0 0
fl=/usr/src/debug/glibc/glibc/elf/../sysdeps/generic/dl-protected.h
fn=do_lookup_x
29 810 0 0 103 0 0 103 0 0
fl=/usr/src/debug/glibc/glibc/elf/../sysdeps/generic/ldsodefs.h
fn=_dl_lookup_map
96 18 1 1 6 0 0 0 0 0
99 10 0 0 6 0 0 0 0 0
100 4 0 0 2 0 0 0 0 0
fn=_dl_map_object_from_fd
96 8 1 1 4 0 0 0 0 0
99 4 0 0 1 0 0 0 0 0
100 2 0 0 1 0 0 0 0 0
fn=_dl_new_object
1380 48 1 1 0 0 0 0 0 0
fn=_dl_relocate_object_no_relro
79 26 2 2 10 0 0 0 0 0
152 297 0 0 99 0 0 0 0 0
fn=_dl_start
79 5 0 0 2 0 0 0 0 0
fn=check_match
79 3 0 0 0 0 0 0 0 0
fn=dl_main
96 6 1 1 2 0 0 0 0 0
99 4 1 1 3 0 0 0 0 0
100 1 0 0 1 0 0 0 0 0
fn=do_lookup_x
151 192 1 1 96 0 0 0 0 0
152 288 0 0 0 0 0 0 0 0
fl=/usr/src/debug/glibc/glibc/elf/../sysdeps/nptl/dl-mutex.c
fn=__rtld_mutex_init
30 5 1 1 0 0 0 3 0 0
37 1 0 0 1 0 0 0 0 0
40 6 1 1 0 0 0 1 0 0
44 2 0 0 0 0 0 0 0 0
45 10 1 1 3 0 0 1 0 0
47 7 0 0 0 0 0 1 0 0
51 2 0 0 0 0 0 0 0 0
52 7 1 1 3 0 0 1 0 0
53 4 0 0 4 0 0 0 0 0
fl=/usr/src/debug/glibc/glibc/elf/../sysdeps/nptl/dl-tls_init_tp.c
fn=__tls_init_tp
69 4 0 0 0 0 0 1 0 0
70 1 1 1 1 0 0 0 0 0
73 1 0 0 0 0 0 0 0 0
76 4 0 0 0 0 0 1 0 0
77 2 0 0 0 0 0 1 0 0
78 1 0 0 0 0 0 1 0 0
79 1 0 0 0 0 0 1 0 0
84 2 0 0 1 0 0 1 0 0
89 2 1 1 0 0 0 1 0 0
91 1 0 0 0 0 0 1 0 0
92 1 0 0 0 0 0 1 0 0
95 3 1 1 0 0 0 0 0 0
111 4 0 0 0 0 0 1 0 0
113 1 0 0 0 0 0 1 0 0
119 2 0 0 1 0 0 1 0 0
120 2 0 0 2 0 0 0 0 0
fn=__tls_pre_init_tp
54 4 1 1 0 0 0 0 0 0
57 9 1 1 0 0 0 3 1 1
62 2 0 0 0 0 0 1 0 0
63 1 0 0 0 0 0 1 0 0
65 1 0 0 1 0 0 0 0 0
fn=rtld_mutex_dummy
43 8 0 0 0 0 0 0 0 0
45 16 0 0 8 0 0 0 0 0
fl=/usr/src/debug/glibc/glibc/elf/../sysdeps/nptl/pthread_early_init.h
fn=__libc_early_init
33 5 0 0 0 0 0 1 0 0
34 3 1 1 1 0 0 0 0 0
38 3 0 0 0 0 0 0 0 0
45 2 0 0 2 0 0 0 0 0
46 1 0 0 0 0 0 0 0 0
48 2 0 0 0 0 0 0 0 0
52 5 0 0 0 0 0 1 0 0
53 1 1 1 0 0 0 1 1 1
54 1 0 0 0 0 0 1 1 1
56 1 0 0 0 0 0 1 0 0
fl=/usr/src/debug/glibc/glibc/elf/../sysdeps/posix/dl-fileid.h
fn=_dl_map_object_from_fd
37 10 2 2 2 0 0 2 2 2
40 4 0 0 2 0 0 2 0 0
41 4 0 0 2 0 0 2 0 0
49 12 0 0 6 1 1 0 0 0
fl=/usr/src/debug/glibc/glibc/elf/../sysdeps/unix/sysv/linux/brk.c
fn=brk
36 1 1 1 0 0 0 0 0 0
37 1 0 0 0 0 0 1 1 1
38 2 0 0 0 0 0 0 0 0
44 1 0 0 0 0 0 0 0 0
45 1 0 0 1 0 0 0 0 0
fl=/usr/src/debug/glibc/glibc/elf/../sysdeps/unix/sysv/linux/brk_call.h
fn=brk
24 2 0 0 0 0 0 0 0 0
fl=/usr/src/debug/glibc/glibc/elf/../sysdeps/unix/sysv/linux/dl-extra_tls.h
fn=_dl_determine_tlsoffset
32 4 0 0 0 0 0 1 0 0
33 3 0 0 1 0 0 0 0 0
37 10 1 1 2 0 0 0 0 0
44 1 0 0 0 0 0 0 0 0
51 4 0 0 0 0 0 1 0 0
52 3 0 0 1 0 0 0 0 0
54 1 1 1 1 0 0 0 0 0
fl=/usr/src/debug/glibc/glibc/elf/../sysdeps/unix/sysv/linux/dl-osinfo.h
fn=dl_main
39 2 0 0 1 0 0 0 0 0
52 1 0 0 1 0 0 0 0 0
fl=/usr/src/debug/glibc/glibc/elf/../sysdeps/unix/sysv/linux/dl-parse_auxv.h
fn=_dl_sysdep_parse_arguments
33 2 1 1 0 0 0 1 0 0
34 1 0 0 0 0 0 1 0 0
35 1 0 0 0 0 0 1 0 0
42 93 0 0 23 0 0 0 0 0
43 44 1 1 0 0 0 0 0 0
44 44 0 0 22 5 5 22 0 0
46 1 0 0 0 0 0 1 0 0
47 2 0 0 1 0 0 1 0 0
48 2 0 0 1 0 0 1 1 1
49 2 0 0 1 0 0 1 0 0
50 1 0 0 0 0 0 1 0 0
52 2 1 1 1 0 0 1 0 0
53 2 1 1 1 0 0 1 0 0
54 2 0 0 1 0 0 1 0 0
55 2 1 1 1 0 0 1 0 0
57 2 0 0 1 0 0 1 1 1
65 5 0 0 1 0 0 1 0 0
67 6 0 0 4 0 0 1 1 1
fl=/usr/src/debug/glibc/glibc/elf/../sysdeps/unix/sysv/linux/dl-sysdep.c
fn=_dl_sysdep_parse_arguments
78 9 1 1 0 0 0 6 1 1
79 2 0 0 1 1 1 1 0 0
80 2 0 0 0 0 0 1 0 0
81 3 0 0 0 0 0 1 1 1
82 92 0 0 0 0 0 0 0 0
83 188 1 1 93 12 12 0 0 0
86 2 0 0 0 0 0 1 1 1
90 4 0 0 0 0 0 1 1 1
93 5 1 1 3 0 0 1 0 0
94 2 0 0 1 0 0 1 0 0
95 2 0 0 1 0 0 1 0 0
96 8 0 0 7 0 0 0 0 0
fn=_dl_sysdep_start
102 6 1 1 0 0 0 2 1 1
103 1 0 0 0 0 0 1 0 0
106 2 0 0 0 0 0 1 0 0
110 2 0 0 1 0 0 1 0 0
113 1 1 1 0 0 0 1 0 0
115 2 0 0 0 0 0 1 0 0
122 3 0 0 1 0 0 0 0 0
123 2 0 0 0 0 0 2 0 0
125 5 0 0 0 0 0 1 0 0
137 3 1 1 1 0 0 0 0 0
140 5 0 0 3 0 0 1 0 0
143 4 0 0 4 1 0 0 0 0
fn=_dl_sysdep_start_cleanup
147 1 1 1 0 0 0 0 0 0
148 1 0 0 1 0 0 0 0 0
fl=/usr/src/debug/glibc/glibc/elf/../sysdeps/unix/sysv/linux/dl-vdso-setup.h
fn=dl_main
30 1 0 0 0 0 0 1 0 0
33 1 0 0 0 0 0 1 0 0
36 1 0 0 0 0 0 1 0 0
39 1 0 0 0 0 0 1 0 0
45 3 1 1 0 0 0 1 0 0
54 1 0 0 0 0 0 1 0 0
fl=/usr/src/debug/glibc/glibc/elf/../sysdeps/unix/sysv/linux/dl-vdso.h
fn=dl_main
40 1 1 1 1 0 0 0 0 0
41 5 1 1 0 0 0 1 0 0
fl=/usr/src/debug/glibc/glibc/elf/../sysdeps/unix/sysv/linux/rseq-internal.h
fn=__tls_init_tp
93 4 1 1 2 0 0 1 0 0
100 3 0 0 1 0 0 0 0 0
108 4 1 1 1 0 0 0 0 0
112 5 0 0 0 0 0 2 0 0
116 2 0 0 1 0 0 1 0 0
118 5 0 0 1 0 0 0 0 0
119 2 0 0 0 0 0 0 0 0
124 1 0 0 0 0 0 1 0 0
fl=/usr/src/debug/glibc/glibc/elf/../sysdeps/unix/sysv/linux/x86/dl-hwcap2.h
fn=update_active.constprop.0
25 2 0 0 1 0 0 0 0 0
fl=/usr/src/debug/glibc/glibc/elf/../sysdeps/unix/sysv/linux/x86/dl-minsigstacksize.h
fn=get_common_indices.constprop.0
24 2 1 1 1 0 0 0 0 0
27 2 0 0 1 0 0 0 0 0
28 2 0 0 1 0 0 0 0 0
65 3 0 0 0 0 0 0 0 0
74 2 1 1 0 0 0 1 0 0
fl=/usr/src/debug/glibc/glibc/elf/../sysdeps/x86/cpu-features.c
fn=get_common_indices.constprop.0
431 3 1 1 0 0 0 2 0 0
435 4 0 0 0 0 0 0 0 0
438 5 0 0 0 0 0 3 1 1
442 1 0 0 0 0 0 1 0 0
443 4 1 1 0 0 0 1 0 0
444 4 0 0 0 0 0 1 0 0
445 4 0 0 0 0 0 1 0 0
446 3 0 0 0 0 0 1 0 0
447 2 1 1 1 0 0 0 0 0
454 2 0 0 1 0 0 0 0 0
456 7 0 0 0 0 0 4 0 0
461 7 0 0 0 0 0 4 1 1
468 2 1 1 1 0 0 0 0 0
469 7 1 1 0 0 0 4 1 1
475 2 0 0 1 0 0 0 0 0
490 3 0 0 3 0 0 0 0 0
fn=init_cpu_features.constprop.0
409 3 0 0 0 0 0 0 0 0
410 2 0 0 0 0 0 0 0 0
411 6 1 1 0 0 0 4 0 0
416 2 0 0 0 0 0 0 0 0
417 6 0 0 0 0 0 4 1 1
422 2 0 0 0 0 0 0 0 0
423 6 1 1 0 0 0 4 0 0
565 4 0 0 1 1 1 0 0 0
728 8 1 1 0 0 0 6 0 0
731 2 0 0 0 0 0 1 0 0
732 1 0 0 0 0 0 1 0 0
733 1 1 1 0 0 0 1 0 0
740 1 0 0 1 1 1 0 0 0
742 1 0 0 0 0 0 1 1 1
751 2 0 0 0 0 0 1 0 0
754 6 0 0 0 0 0 0 0 0
755 1 0 0 0 0 0 0 0 0
758 1 0 0 0 0 0 0 0 0
760 6 1 1 0 0 0 1 0 0
765 1 0 0 0 0 0 1 0 0
769 1 0 0 1 0 0 0 0 0
770 3 0 0 0 0 0 1 0 0
773 3 0 0 1 0 0 0 0 0
775 4 1 1 2 0 0 1 0 0
781 5 1 1 0 0 0 0 0 0
818 2 1 1 0 0 0 0 0 0
821 2 0 0 0 0 0 1 0 0
901 2 1 1 1 0 0 0 0 0
908 2 0 0 0 0 0 1 0 0
926 1 0 0 0 0 0 1 0 0
927 2 0 0 1 0 0 0 0 0
968 2 0 0 1 0 0 0 0 0
975 2 0 0 1 0 0 0 0 0
977 2 0 0 0 0 0 1 0 0
981 2 1 1 0 0 0 0 0 0
987 2 0 0 1 0 0 0 0 0
1148 3 1 1 1 0 0 0 0 0
1149 2 0 0 0 0 0 1 0 0
1152 2 0 0 0 0 0 0 0 0
1153 2 1 1 0 0 0 1 0 0
1156 5 0 0 1 0 0 0 0 0
1163 1 0 0 0 0 0 1 0 0
1164 2 0 0 0 0 0 1 0 0
1165 2 0 0 0 0 0 1 0 0
1166 2 0 0 1 0 0 1 0 0
1170 4 1 1 0 0 0 1 0 0
1173 4 0 0 0 0 0 1 0 0
1182 3 0 0 1 0 0 0 0 0
1186 1 0 0 1 0 0 0 0 0
1195 2 0 0 0 0 0 0 0 0
1196 3 0 0 0 0 0 0 0 0
1236 1 0 0 0 0 0 1 0 0
1237 2 1 1 1 0 0 0 0 0
1241 3 1 1 1 0 0 0 0 0
1258 3 1 1 0 0 0 0 0 0
1259 4 1 1 1 0 0 0 0 0
1262 2 0 0 1 0 0 0 0 0
1265 1 0 0 0 0 0 0 0 0
1268 2 0 0 0 0 0 1 0 0
1282 4 0 0 0 0 0 1 0 0
1284 4 1 1 0 0 0 1 0 0
1288 2 0 0 1 0 0 0 0 0
1291 4 0 0 1 0 0 0 0 0
1294 1 0 0 0 0 0 1 1 1
1297 1 0 0 0 0 0 1 0 0
1329 4 0 0 0 0 0 1 0 0
1336 8 0 0 7 0 0 0 0 0
fn=update_active.constprop.0
90 8 1 1 0 0 0 6 0 0
94 1 0 0 1 0 0 0 0 0
102 3 1 1 1 0 0 0 0 0
103 3 0 0 0 0 0 0 0 0
104 2 0 0 1 0 0 1 0 0
112 3 0 0 1 0 0 1 0 0
113 1 0 0 1 0 0 0 0 0
121 3 0 0 1 0 0 0 0 0
122 1 0 0 1 0 0 0 0 0
127 5 0 0 0 0 0 2 0 0
130 4 0 0 1 0 0 1 0 0
131 1 0 0 1 0 0 0 0 0
134 5 1 1 1 0 0 2 0 0
135 2 0 0 1 0 0 1 0 0
139 5 0 0 1 0 0 1 0 0
140 3 0 0 2 0 0 0 0 0
141 3 0 0 2 0 0 0 0 0
142 1 1 1 1 0 0 0 0 0
146 4 0 0 1 0 0 1 0 0
147 5 1 1 2 0 0 1 0 0
148 3 1 1 2 1 1 0 0 0
151 6 0 0 0 0 0 1 0 0
163 1 1 1 0 0 0 1 0 0
165 2 0 0 0 0 0 0 0 0
169 5 1 1 0 0 0 2 0 0
170 3 0 0 0 0 0 1 0 0
172 3 0 0 0 0 0 0 0 0
176 2 1 1 0 0 0 0 0 0
178 1 0 0 0 0 0 1 0 0
182 2 1 1 0 0 0 0 0 0
184 2 0 0 0 0 0 1 0 0
188 1 0 0 0 0 0 0 0 0
189 1 1 1 1 0 0 0 0 0
196 4 0 0 0 0 0 1 0 0
198 4 1 1 1 0 0 1 0 0
204 4 0 0 0 0 0 1 0 0
206 4 0 0 1 0 0 1 0 0
208 4 0 0 1 0 0 1 0 0
213 4 1 1 1 0 0 0 0 0
262 2 0 0 0 0 0 0 0 0
263 3 0 0 1 0 0 0 0 0
279 4 1 1 1 0 0 0 0 0
295 2 0 0 1 0 0 0 0 0
299 1 1 1 1 0 0 0 0 0
300 1 0 0 1 0 0 0 0 0
303 4 0 0 1 0 0 1 0 0
307 2 0 0 0 0 0 0 0 0
311 3 0 0 0 0 0 0 0 0
312 2 0 0 0 0 0 0 0 0
316 1 1 1 0 0 0 0 0 0
317 1 0 0 0 0 0 0 0 0
320 2 0 0 0 0 0 1 0 0
322 1 0 0 0 0 0 1 0 0
323 1 0 0 0 0 0 1 1 1
326 2 0 0 0 0 0 0 0 0
389 5 1 1 0 0 0 0 0 0
393 3 1 1 1 0 0 0 0 0
402 1 0 0 0 0 0 1 0 0
403 8 0 0 7 0 0 0 0 0
fl=/usr/src/debug/glibc/glibc/elf/../sysdeps/x86/dl-cacheinfo.h
fn=get_common_cache_info.constprop.0
624 11 1 1 0 0 0 5 0 0
639 1 1 1 1 0 0 0 0 0
642 1 0 0 1 0 0 0 0 0
643 1 0 0 1 0 0 0 0 0
649 1 0 0 0 0 0 1 0 0
651 10 0 0 3 0 0 1 0 0
654 2 0 0 0 0 0 0 0 0
666 1 0 0 0 0 0 1 0 0
671 5 0 0 1 0 0 1 0 0
675 2 0 0 0 0 0 0 0 0
680 1 0 0 0 0 0 0 0 0
683 19 2 2 0 0 0 2 0 0
689 8 0 0 0 0 0 0 0 0
690 8 0 0 0 0 0 0 0 0
693 26 0 0 0 0 0 0 0 0
698 2 1 1 0 0 0 0 0 0
702 3 1 1 0 0 0 0 0 0
703 1 0 0 0 0 0 0 0 0
707 2 0 0 0 0 0 0 0 0
711 3 0 0 0 0 0 1 0 0
714 4 0 0 0 0 0 1 0 0
715 1 0 0 0 0 0 0 0 0
720 4 0 0 0 0 0 0 0 0
726 4 0 0 1 0 0 0 0 0
734 8 0 0 1 0 0 0 0 0
736 3 1 1 1 0 0 0 0 0
738 8 0 0 1 0 0 0 0 0
740 7 1 1 0 0 0 0 0 0
744 8 0 0 0 0 0 0 0 0
746 4 0 0 0 0 0 0 0 0
749 2 0 0 0 0 0 0 0 0
754 1 0 0 0 0 0 0 0 0
756 9 1 1 0 0 0 1 0 0
757 3 0 0 0 0 0 0 0 0
758 1 0 0 0 0 0 0 0 0
761 2 0 0 0 0 0 0 0 0
764 2 1 1 0 0 0 0 0 0
768 2 0 0 1 0 0 0 0 0
771 1 0 0 1 0 0 0 0 0
773 4 0 0 0 0 0 0 0 0
774 2 0 0 0 0 0 1 0 0
779 2 1 1 0 0 0 0 0 0
784 2 0 0 0 0 0 0 0 0
785 1 0 0 0 0 0 0 0 0
786 3 0 0 1 0 0 0 0 0
787 1 0 0 1 0 0 0 0 0
788 2 0 0 1 0 0 0 0 0
812 1 1 1 1 0 0 0 0 0
823 2 0 0 0 0 0 0 0 0
824 5 0 0 0 0 0 0 0 0
828 3 1 1 2 0 0 0 0 0
835 1 0 0 0 0 0 1 0 0
836 1 0 0 0 0 0 1 0 0
837 1 0 0 0 0 0 1 0 0
838 6 0 0 6 0 0 0 0 0
fn=handle_intel.constprop.0
261 96 1 1 0 0 0 60 0 0
266 24 1 1 12 0 0 0 0 0
272 12 0 0 0 0 0 12 0 0
278 48 0 0 0 0 0 0 0 0
282 24 0 0 0 0 0 0 0 0
287 24 0 0 0 0 0 0 0 0
290 36 1 1 0 0 0 12 0 0
292 24 0 0 0 0 0 0 0 0
295 60 0 0 0 0 0 12 0 0
297 24 0 0 0 0 0 0 0 0
316 84 0 0 72 0 0 0 0 0
fn=init_cpu_features.constprop.0
861 2 0 0 0 0 0 0 0 0
863 4 2 2 0 0 0 3 0 0
864 4 0 0 0 0 0 2 0 0
865 1 0 0 0 0 0 1 0 0
868 3 0 0 0 0 0 2 0 0
870 3 1 1 0 0 0 2 0 0
871 2 0 0 1 0 0 1 0 0
873 3 0 0 0 0 0 2 0 0
875 3 0 0 0 0 0 2 0 0
877 3 1 1 0 0 0 2 0 0
879 3 0 0 0 0 0 2 0 0
881 3 0 0 0 0 0 2 0 0
882 1 0 0 0 0 0 1 0 0
884 3 0 0 0 0 0 2 0 0
886 3 1 1 0 0 0 1 0 0
888 3 0 0 0 0 0 2 0 0
890 6 0 0 1 0 0 2 0 0
964 2 1 1 1 0 0 1 1 1
965 2 0 0 1 0 0 1 0 0
966 2 1 1 1 0 0 1 0 0
967 2 0 0 1 0 0 1 0 0
968 2 0 0 1 0 0 1 0 0
969 1 0 0 0 0 0 1 0 0
970 1 0 0 0 0 0 1 0 0
971 1 0 0 0 0 0 1 0 0
972 1 0 0 0 0 0 1 0 0
973 2 1 1 1 0 0 1 0 0
974 1 0 0 0 0 0 1 0 0
975 1 0 0 0 0 0 1 0 0
977 1 0 0 1 0 0 0 0 0
980 3 0 0 0 0 0 0 0 0
994 3 1 1 1 0 0 0 0 0
995 7 1 1 5 0 0 2 0 0
1000 2 1 1 0 0 0 0 0 0
1001 7 0 0 3 0 0 0 0 0
1002 2 0 0 0 0 0 0 0 0
1010 6 1 1 0 0 0 2 0 0
1011 2 0 0 1 0 0 0 0 0
1031 6 0 0 0 0 0 0 0 0
1040 2 0 0 0 0 0 0 0 0
1041 2 1 1 0 0 0 0 0 0
1046 3 1 1 0 0 0 1 0 0
1049 1 1 1 0 0 0 0 0 0
1050 2 0 0 0 0 0 1 0 0
1060 3 0 0 1 0 0 0 0 0
1066 3 0 0 0 0 0 1 0 0
1073 5 0 0 1 0 0 1 0 0
1075 2 0 0 1 0 0 0 0 0
1078 5 0 0 1 0 0 1 0 0
1080 1 0 0 0 0 0 0 0 0
1086 3 1 1 1 0 0 0 0 0
1090 5 1 1 1 0 0 1 0 0
1091 3 0 0 0 0 0 0 0 0
1095 5 1 1 1 0 0 1 0 0
1096 3 0 0 0 0 0 0 0 0
1100 5 0 0 1 0 0 1 0 0
1101 1 0 0 1 0 0 0 0 0
1107 6 0 0 1 0 0 2 0 0
1109 3 1 1 2 0 0 0 0 0
1133 12 2 2 1 0 0 7 0 0
1139 2 0 0 1 0 0 0 0 0
1142 10 1 1 2 0 0 5 0 0
1144 9 1 1 1 0 0 5 0 0
1145 10 0 0 2 0 0 5 0 0
1146 13 1 1 1 0 0 6 0 0
1149 12 1 1 2 0 0 5 0 0
1157 1 0 0 0 0 0 1 0 0
1158 7 0 0 3 0 0 3 0 0
1159 2 0 0 1 0 0 1 0 0
1160 2 1 1 1 0 0 1 0 0
1161 1 0 0 0 0 0 1 0 0
1162 2 0 0 1 0 0 1 0 0
1163 1 0 0 0 0 0 1 0 0
fn=intel_check_word.constprop.0
120 648 0 0 324 6 6 0 0 0
123 588 0 0 0 0 0 0 0 0
129 192 0 0 0 0 0 120 0 0
133 48 1 1 0 0 0 0 0 0
135 12 0 0 0 0 0 0 0 0
139 168 2 2 0 0 0 0 0 0
141 180 0 0 0 0 0 0 0 0
143 60 0 0 0 0 0 0 0 0
145 180 1 1 0 0 0 0 0 0
153 120 0 0 0 0 0 0 0 0
162 24 0 0 0 0 0 0 0 0
165 99 1 1 0 0 0 0 0 0
168 99 0 0 0 0 0 0 0 0
172 64 0 0 0 0 0 0 0 0
174 192 1 1 0 0 0 0 0 0
175 24 0 0 0 0 0 0 0 0
177 104 0 0 0 0 0 0 0 0
178 96 0 0 0 0 0 0 0 0
179 84 0 0 0 0 0 0 0 0
180 72 1 1 0 0 0 0 0 0
182 11 0 0 0 0 0 0 0 0
184 22 0 0 0 0 0 0 0 0
186 12 1 1 0 0 0 0 0 0
187 16 0 0 0 0 0 0 0 0
188 12 0 0 0 0 0 0 0 0
189 20 0 0 0 0 0 0 0 0
190 14 0 0 0 0 0 0 0 0
191 9 0 0 0 0 0 0 0 0
193 8 1 1 0 0 0 0 0 0
194 12 0 0 0 0 0 0 0 0
197 21 0 0 0 0 0 0 0 0
200 2 0 0 0 0 0 0 0 0
204 192 0 0 0 0 0 0 0 0
212 120 0 0 48 0 0 0 0 0
219 24 0 0 0 0 0 0 0 0
226 168 1 1 0 0 0 0 0 0
257 144 0 0 144 0 0 0 0 0
fl=/usr/src/debug/glibc/glibc/elf/../sysdeps/x86/dl-get-cpu-features.c
fn=__x86_cpu_features
39 3 0 0 1 0 0 0 0 0
76 3 1 1 1 0 0 0 0 0
fn=_dl_x86_init_cpu_features
37 1 1 1 0 0 0 0 0 0
39 3 0 0 1 0 0 0 0 0
41 1 0 0 0 0 0 0 0 0
fl=/usr/src/debug/glibc/glibc/elf/../sysdeps/x86/dl-prop.h
fn=_dl_map_object_from_fd
149 10 0 0 5 0 0 0 0 0
fn=_dl_process_pt_gnu_property
95 20 1 1 0 0 0 0 0 0
97 2 0 0 0 0 0 0 0 0
102 8 0 0 0 0 0 0 0 0
115 8 0 0 0 0 0 0 0 0
118 4 0 0 4 0 0 0 0 0
252 4 0 0 0 0 0 0 0 0
253 2 0 0 0 0 0 2 0 0
254 4 1 1 0 0 0 0 0 0
255 2 0 0 0 0 0 2 0 0
257 16 0 0 4 0 0 4 0 0
258 3 0 0 1 0 0 0 0 0
260 4 1 1 2 0 0 0 0 0
fn=dl_main
36 1 0 0 1 0 0 0 0 0
37 15 1 1 1 0 0 0 0 0
40 4 0 0 4 0 0 0 0 0
49 22 0 0 7 0 0 0 0 0
53 15 0 0 4 0 0 0 0 0
71 3 0 0 0 0 0 1 0 0
149 6 0 0 3 0 0 0 0 0
fl=/usr/src/debug/glibc/glibc/elf/../sysdeps/x86/get-isa-level.h
fn=_dl_hwcaps_subdirs_active
31 4 0 0 1 0 0 0 0 0
32 3 1 1 1 0 0 0 0 0
39 5 0 0 1 0 0 0 0 0
40 4 0 0 1 0 0 0 0 0
48 3 0 0 0 0 0 0 0 0
51 4 1 1 1 0 0 0 0 0
54 2 0 0 0 0 0 0 0 0
fn=update_active.constprop.0
28 1 0 0 0 0 0 0 0 0
30 1 0 0 1 0 0 0 0 0
31 3 0 0 0 0 0 0 0 0
32 3 0 0 1 0 0 0 0 0
39 5 0 0 1 0 0 0 0 0
40 3 1 1 1 0 0 0 0 0
48 3 0 0 0 0 0 0 0 0
49 1 0 0 1 0 0 0 0 0
51 4 0 0 0 0 0 0 0 0
54 2 0 0 0 0 0 0 0 0
63 6 0 0 0 0 0 0 0 0
fl=/usr/src/debug/glibc/glibc/elf/../sysdeps/x86_64/dl-cet.c
fn=_dl_cet_check
361 1 1 1 0 0 0 0 0 0
362 1 0 0 0 0 0 0 0 0
fn=_dl_cet_setup_features
331 1 1 1 0 0 0 0 0 0
334 2 0 0 0 0 0 0 0 0
350 1 1 1 1 0 0 0 0 0
fn=dl_cet_check
269 4 1 1 0 0 0 1 0 0
275 2 1 1 0 0 0 0 0 0
276 1 0 0 0 0 0 1 0 0
277 2 0 0 1 0 0 0 0 0
282 4 0 0 1 0 0 1 0 0
283 3 0 0 0 0 0 1 0 0
285 1 0 0 0 0 0 1 0 0
288 2 0 0 0 0 0 0 0 0
293 2 0 0 0 0 0 0 0 0
318 2 1 1 2 0 0 0 0 0
fl=/usr/src/debug/glibc/glibc/elf/../sysdeps/x86_64/dl-hwcaps-subdirs.c
fn=_dl_hwcaps_subdirs_active
29 1 1 1 0 0 0 0 0 0
51 4 0 0 0 0 0 0 0 0
52 1 0 0 1 0 0 0 0 0
fl=/usr/src/debug/glibc/glibc/elf/../sysdeps/x86_64/dl-irel.h
fn=_dl_fixup
32 2 0 0 0 0 0 2 0 0
fl=/usr/src/debug/glibc/glibc/elf/../sysdeps/x86_64/dl-machine.h
fn=_dl_fixup
223 6 0 0 0 0 0 6 0 0
fn=_dl_relocate_object_no_relro
78 7 1 1 3 0 0 0 0 0
84 4 0 0 3 1 0 0 0 0
88 3 0 0 1 1 1 0 0 0
94 1 0 0 0 0 0 1 0 0
103 2 0 0 0 0 0 0 0 0
126 2 0 0 1 1 0 1 0 0
262 226 0 0 0 0 0 0 0 0
269 226 0 0 0 0 0 0 0 0
273 226 1 1 0 0 0 0 0 0
282 1305 1 1 412 1 1 9 0 0
285 92 0 0 92 0 0 0 0 0
286 612 2 2 0 0 0 0 0 0
312 678 0 0 113 3 3 0 0 0
395 45 2 2 15 0 0 0 0 0
397 60 0 0 15 0 0 0 0 0
401 45 0 0 30 2 2 0 0 0
410 30 0 0 15 0 0 15 6 6
418 204 2 2 99 2 2 97 10 10
455 3 1 1 1 0 0 0 0 0
459 4 0 0 1 0 0 2 0 0
460 4 0 0 2 0 0 0 0 0
461 5 0 0 3 0 0 0 0 0
462 2 1 1 0 0 0 0 0 0
471 94 0 0 94 0 0 0 0 0
472 94 0 0 47 0 0 0 0 0
473 47 1 1 0 0 0 47 0 0
474 94 0 0 47 0 0 47 5 3
493 9 0 0 3 2 1 0 0 0
498 6 0 0 0 0 0 0 0 0
499 12 0 0 6 0 0 3 2 1
509 18 0 0 9 0 0 0 0 0
513 18 0 0 0 0 0 0 0 0
516 27 0 0 9 0 0 0 0 0
517 9 0 0 9 1 1 0 0 0
725 28 1 1 16 0 0 0 0 0
729 6 0 0 3 0 0 0 0 0
fn=_dl_start
55 1 0 0 0 0 0 0 0 0
273 3 0 0 0 0 0 0 0 0
282 10 1 1 4 1 1 0 0 0
286 4 0 0 0 0 0 0 0 0
312 4 0 0 0 0 0 0 0 0
fn=_dl_sysdep_start
209 1 0 0 0 0 0 1 0 0
fl=/usr/src/debug/glibc/glibc/elf/../sysdeps/x86_64/dl-runtime.h
fn=_dl_fixup
28 6 0 0 0 0 0 0 0 0
fl=/usr/src/debug/glibc/glibc/elf/../sysdeps/x86_64/dl-trampoline.h
fn=_dl_runtime_resolve_xsave
39 6 1 1 0 0 0 0 0 0
44 6 0 0 0 0 0 6 0 0
47 6 0 0 0 0 0 0 0 0
49 6 0 0 0 0 0 0 0 0
59 6 0 0 6 3 0 0 0 0
65 6 0 0 0 0 0 6 3 0
66 6 0 0 0 0 0 6 0 0
67 6 0 0 0 0 0 6 0 0
68 6 0 0 0 0 0 6 0 0
69 6 0 0 0 0 0 6 0 0
70 6 0 0 0 0 0 6 0 0
71 6 1 1 0 0 0 6 0 0
75 6 0 0 0 0 0 0 0 0
76 6 0 0 0 0 0 0 0 0
79 6 0 0 0 0 0 6 4 0
80 6 0 0 0 0 0 6 0 0
82 6 0 0 0 0 0 6 0 0
83 6 0 0 0 0 0 6 0 0
84 6 0 0 0 0 0 6 0 0
85 6 0 0 0 0 0 6 0 0
86 6 1 1 0 0 0 6 0 0
87 6 0 0 0 0 0 6 0 0
89 6 0 0 6 0 0 198 34 0
96 6 0 0 6 0 0 0 0 0
97 6 0 0 6 0 0 0 0 0
98 6 0 0 0 0 0 6 3 0
99 6 0 0 0 0 0 0 0 0
104 6 0 0 0 0 0 0 0 0
105 6 0 0 0 0 0 0 0 0
106 6 0 0 216 0 0 0 0 0
108 6 0 0 6 0 0 0 0 0
109 6 0 0 6 0 0 0 0 0
110 6 0 0 6 0 0 0 0 0
111 6 1 1 6 0 0 0 0 0
112 6 0 0 6 0 0 0 0 0
113 6 0 0 6 0 0 0 0 0
114 6 0 0 6 0 0 0 0 0
116 6 0 0 0 0 0 0 0 0
118 6 0 0 6 0 0 0 0 0
122 6 0 0 0 0 0 0 0 0
124 6 0 0 0 0 0 0 0 0
fl=/usr/src/debug/glibc/glibc/elf/./dl-find_object.h
fn=_dl_find_object_from_map
101 4 0 0 0 0 0 0 0 0
103 8 0 0 0 0 0 0 0 0
105 8 1 1 4 1 0 4 2 1
106 8 0 0 4 0 0 4 0 0
107 4 0 0 0 0 0 4 1 1
115 4 0 0 0 0 0 4 1 1
116 4 0 0 0 0 0 4 0 0
121 16 1 1 8 3 0 0 0 0
122 143 0 0 0 0 0 0 0 0
124 232 0 0 48 40 0 0 0 0
127 12 1 1 8 0 0 4 0 0
132 4 0 0 0 0 0 0 0 0
136 9 0 0 6 1 0 3 0 0
138 3 0 0 0 0 0 0 0 0
143 14 0 0 0 0 0 0 0 0
148 4 0 0 4 0 0 0 0 0
149 4 0 0 4 0 0 0 0 0
fl=/usr/src/debug/glibc/glibc/elf/./dl-hwcaps.h
fn=_dl_important_hwcaps
43 6 0 0 0 0 0 4 0 0
45 5 0 0 0 0 0 4 0 0
77 5 0 0 2 0 0 3 0 0
78 8 2 2 2 0 0 3 0 0
fn=copy_hwcaps
43 2 0 0 0 0 0 2 0 0
45 2 0 0 0 0 0 2 0 0
77 2 0 0 0 0 0 2 0 0
78 8 1 1 4 0 0 2 0 0
fl=/usr/src/debug/glibc/glibc/elf/./dl-load.h
fn=_dl_map_object_from_fd
91 16 0 0 8 0 0 0 0 0
92 4 1 1 2 0 0 0 0 0
93 6 1 1 2 0 0 0 0 0
94 3 0 0 1 0 0 0 0 0
96 4 0 0 0 0 0 1 0 0
fl=/usr/src/debug/glibc/glibc/elf/./dl-main.h
fn=dl_main
109 5 1 1 4 0 0 1 0 0
fl=/usr/src/debug/glibc/glibc/elf/./dl-map-segments.h
fn=_dl_map_object_from_fd
29 6 0 0 2 0 0 0 0 0
30 18 1 1 10 0 0 2 0 0
82 2 0 0 2 0 0 0 0 0
102 2 0 0 0 0 0 2 0 0
103 4 0 0 0 0 0 0 0 0
106 6 1 1 2 0 0 2 0 0
107 4 0 0 0 0 0 2 0 0
109 4 0 0 2 0 0 0 0 0
126 2 1 1 2 0 0 0 0 0
136 32 1 1 8 0 0 0 0 0
138 24 0 0 12 0 0 0 0 0
140 48 0 0 24 0 0 6 0 0
141 6 0 0 0 0 0 0 0 0
150 32 0 0 16 0 0 0 0 0
156 4 0 0 2 0 0 0 0 0
157 2 0 0 0 0 0 0 0 0
158 6 1 1 2 0 0 0 0 0
159 4 0 0 0 0 0 0 0 0
161 6 0 0 0 0 0 0 0 0
166 4 0 0 0 0 0 0 0 0
169 6 0 0 2 0 0 0 0 0
177 18 0 0 4 0 0 6 0 0
183 4 0 0 0 0 0 0 0 0
186 7 0 0 1 0 0 5 0 0
189 9 2 2 1 0 0 2 0 0
192 2 0 0 0 0 0 0 0 0
194 3 1 1 0 0 0 1 0 0
224 8 1 1 0 0 0 0 0 0
fl=/usr/src/debug/glibc/glibc/elf/./dl-sym-post.h
fn=lookup_malloc_symbol
41 8 0 0 0 0 0 0 0 0
53 12 0 0 4 0 0 0 0 0
fl=/usr/src/debug/glibc/glibc/elf/./dl-tls_block_align.h
fn=_dl_allocate_tls_storage
23 1 0 0 1 0 0 0 0 0
41 2 0 0 1 0 0 1 0 0
47 6 0 0 0 0 0 0 0 0
48 1 1 1 0 0 0 0 0 0
52 4 0 0 0 0 0 1 0 0
fl=/usr/src/debug/glibc/glibc/elf/./get-dynamic-info.h
fn=_dl_start
45 72 0 0 18 5 5 0 0 0
49 34 1 1 0 0 0 0 0 0
51 10 0 0 0 0 0 0 0 0
52 5 0 0 0 0 0 0 0 0
54 20 0 0 0 0 0 0 0 0
55 16 0 0 0 0 0 0 0 0
56 5 1 1 0 0 0 0 0 0
59 4 1 1 0 0 0 0 0 0
62 4 1 1 0 0 0 0 0 0
64 4 1 1 0 0 0 0 0 0
68 19 0 0 0 0 0 17 7 7
72 3 0 0 0 0 0 0 0 0
84 3 1 1 1 0 0 0 0 0
85 3 0 0 1 1 1 0 0 0
86 4 0 0 2 0 0 0 0 0
87 4 0 0 2 0 0 0 0 0
88 5 1 1 2 0 0 0 0 0
89 3 0 0 1 0 0 0 0 0
90 4 0 0 2 0 0 0 0 0
91 4 0 0 2 0 0 0 0 0
103 10 2 2 2 0 0 1 0 0
110 4 0 0 1 1 1 0 0 0
123 3 0 0 2 0 0 0 0 0
129 3 1 1 1 0 0 0 0 0
130 3 0 0 2 0 0 0 0 0
133 2 0 0 1 0 0 0 0 0
134 3 0 0 1 0 0 0 0 0
139 5 1 1 2 0 0 0 0 0
142 5 0 0 2 0 0 0 0 0
fn=dl_main
39 3 1 1 1 0 0 0 0 0
43 2 0 0 0 0 0 0 0 0
45 103 0 0 26 7 7 0 0 0
49 50 0 0 0 0 0 0 0 0
51 12 0 0 0 0 0 0 0 0
52 6 0 0 0 0 0 0 0 0
54 24 0 0 0 0 0 0 0 0
55 20 0 0 0 0 0 0 0 0
56 5 1 1 0 0 0 0 0 0
59 4 1 1 0 0 0 0 0 0
62 4 1 1 0 0 0 0 0 0
64 4 0 0 0 0 0 0 0 0
68 25 0 0 0 0 0 25 8 8
72 5 1 1 2 0 0 0 0 0
84 3 0 0 1 0 0 0 0 0
85 4 0 0 2 0 0 0 0 0
86 4 1 1 2 0 0 0 0 0
87 4 0 0 2 0 0 0 0 0
88 4 0 0 1 0 0 0 0 0
89 4 0 0 2 0 0 0 0 0
90 4 1 1 2 0 0 0 0 0
91 4 0 0 2 0 0 0 0 0
103 8 0 0 2 0 0 1 0 0
110 3 1 1 1 0 0 0 0 0
115 2 0 0 1 0 0 0 0 0
123 3 1 1 2 0 0 0 0 0
129 3 0 0 1 0 0 0 0 0
147 3 0 0 1 0 0 0 0 0
162 3 1 1 1 0 0 0 0 0
164 3 0 0 1 0 0 1 0 0
165 2 0 0 0 0 0 0 0 0
174 2 1 1 1 0 0 0 0 0
175 3 1 1 0 0 0 0 0 0
180 2 0 0 0 0 0 0 0 0
184 2 0 0 1 0 0 0 0 0
fl=/usr/src/debug/glibc/glibc/elf/./setup-vdso.h
fn=dl_main
24 2 0 0 1 0 0 0 0 0
fl=/usr/src/debug/glibc/glibc/elf/dl-audit.c
fn=_dl_audit_activity_map
29 1 1 1 0 0 0 0 0 0
31 3 1 1 1 0 0 0 0 0
37 1 1 1 1 0 0 0 0 0
fn=_dl_audit_activity_nsid
41 3 0 0 0 0 0 0 0 0
45 9 0 0 3 0 0 0 0 0
47 9 0 0 3 1 0 0 0 0
51 3 1 1 3 0 0 0 0 0
fn=_dl_audit_objclose
97 4 1 1 0 0 0 0 0 0
98 16 0 0 8 0 0 0 0 0
fn=_dl_audit_objopen
77 2 1 1 0 0 0 0 0 0
78 8 0 0 4 0 0 0 0 0
fn=_dl_audit_preinit
118 1 1 1 0 0 0 0 0 0
119 4 0 0 2 0 0 0 0 0
fl=/usr/src/debug/glibc/glibc/elf/dl-cache.c
fn=_dl_cache_libcmp
340 22 1 1 0 0 0 0 0 0
341 168 0 0 56 0 0 0 0 0
343 165 0 0 0 0 0 0 0 0
345 57 0 0 55 11 11 0 0 0
351 2 1 1 0 0 0 0 0 0
352 3 0 0 0 0 0 0 0 0
353 4 0 0 1 0 0 0 0 0
355 4 1 1 1 0 0 0 0 0
357 2 0 0 0 0 0 0 0 0
363 163 1 1 0 0 0 0 0 0
365 108 0 0 0 0 0 0 0 0
366 30 0 0 10 0 0 0 0 0
369 44 0 0 0 0 0 0 0 0
370 44 0 0 0 0 0 0 0 0
373 3 0 0 2 0 0 0 0 0
fn=_dl_load_cache_lookup
386 8 1 1 0 0 0 2 0 0
388 2 0 0 1 0 0 0 0 0
391 3 1 1 1 0 0 0 0 0
394 6 1 1 0 0 0 2 1 1
402 6 1 1 2 0 0 0 0 0
403 8 1 1 3 1 1 0 0 0
406 6 1 1 0 0 0 0 0 0
407 1 0 0 1 0 0 0 0 0
414 1 1 1 0 0 0 1 0 0
415 2 0 0 0 0 0 1 0 0
465 3 0 0 1 0 0 0 0 0
468 5 1 1 1 0 0 1 0 0
483 2 0 0 1 0 0 0 0 0
487 2 0 0 0 0 0 0 0 0
495 3 0 0 0 0 0 1 0 0
496 15 1 1 1 0 0 0 0 0
497 4 0 0 0 0 0 1 0 0
498 2 0 0 0 0 0 1 0 0
499 4 1 1 3 0 0 0 0 0
fn=_dl_unload_cache
508 3 1 1 0 0 0 1 0 0
509 4 1 1 1 1 0 0 0 0
511 2 0 0 1 0 0 1 0 0
512 1 0 0 0 0 0 1 0 0
516 1 0 0 0 0 0 1 0 0
518 2 0 0 2 0 0 0 0 0
fn=search_cache
186 20 0 0 0 0 0 0 0 0
198 6 1 1 0 0 0 4 0 0
206 31 1 1 0 0 0 5 0 0
208 59 2 2 2 0 0 2 0 0
209 20 0 0 10 10 10 0 0 0
213 20 0 0 0 0 0 0 0 0
217 30 0 0 20 0 0 10 0 0
218 20 0 0 0 0 0 0 0 0
226 7 0 0 2 0 0 0 0 0
228 1 0 0 1 0 0 0 0 0
231 2 0 0 0 0 0 0 0 0
233 6 0 0 0 0 0 1 0 0
235 4 1 1 0 0 0 1 0 0
245 2 0 0 0 0 0 0 0 0
255 2 1 1 1 0 0 0 0 0
256 3 0 0 1 0 0 0 0 0
263 2 0 0 1 0 0 0 0 0
272 11 1 1 0 0 0 2 0 0
281 2 0 0 1 0 0 0 0 0
286 2 0 0 0 0 0 0 0 0
313 2 0 0 1 0 0 0 0 0
315 2 0 0 2 0 0 0 0 0
329 9 0 0 0 0 0 0 0 0
330 7 0 0 0 0 0 0 0 0
332 2 0 0 0 0 0 0 0 0
336 7 1 1 5 0 0 0 0 0
fl=/usr/src/debug/glibc/glibc/elf/dl-call-libc-early-init.c
fn=_dl_call_libc_early_init
27 6 1 1 0 0 0 2 0 0
29 2 0 0 0 0 0 0 0 0
33 7 0 0 0 0 0 2 0 0
37 3 1 1 1 0 0 0 0 0
39 4 0 0 3 0 0 0 0 0
40 2 0 0 0 0 0 0 0 0
41 2 0 0 2 0 0 0 0 0
fl=/usr/src/debug/glibc/glibc/elf/dl-call_fini.c
fn=_dl_call_fini
24 24 1 1 0 0 0 8 0 0
28 8 0 0 4 0 0 0 0 0
32 4 0 0 4 0 0 0 0 0
34 4 0 0 4 3 0 0 0 0
35 8 0 0 0 0 0 0 0 0
38 12 1 1 4 2 0 2 0 0
39 4 0 0 4 1 0 0 0 0
42 16 0 0 4 0 0 2 0 0
43 2 0 0 2 2 0 2 0 0
47 4 0 0 4 3 0 0 0 0
48 8 0 0 0 0 0 0 0 0
49 6 0 0 4 0 0 0 0 0
50 10 1 1 10 0 0 0 0 0
fl=/usr/src/debug/glibc/glibc/elf/dl-catch.c
fn=_dl_catch_error
258 10 1 1 0 0 0 4 0 0
260 5 0 0 0 0 0 1 0 0
261 2 1 1 1 0 0 1 0 0
262 2 0 0 1 0 0 1 0 0
263 2 0 0 1 0 0 1 0 0
265 7 0 0 5 0 0 0 0 0
fn=_dl_catch_exception
58 9 0 0 3 1 1 0 0 0
59 6 1 1 3 1 1 3 0 0
69 9 0 0 6 0 0 0 0 0
70 15 1 1 3 0 0 6 0 0
208 24 1 1 0 0 0 15 2 2
211 6 0 0 0 0 0 0 0 0
232 6 1 1 3 0 0 3 1 1
233 6 0 0 0 0 0 3 0 0
239 18 1 1 0 0 0 3 1 1
241 12 0 0 6 0 0 6 0 0
243 12 0 0 3 0 0 6 0 0
252 9 0 0 9 0 0 0 0 0
fn=_dl_receive_error
58 2 0 0 1 0 0 0 0 0
59 1 0 0 1 0 0 0 0 0
69 2 0 0 1 0 0 0 0 0
70 2 0 0 0 0 0 2 0 0
190 5 2 2 0 0 0 3 0 0
192 1 0 0 1 0 0 0 0 0
196 1 0 0 0 0 0 1 0 0
198 2 0 0 0 0 0 1 0 0
201 1 0 0 0 0 0 1 0 0
202 4 1 1 4 0 0 0 0 0
fl=/usr/src/debug/glibc/glibc/elf/dl-debug.c
fn=_dl_debug_change_state
104 2 1 1 0 0 0 0 0 0
105 2 0 0 0 0 0 2 0 0
107 12 0 0 2 0 0 0 0 0
111 2 0 0 0 0 0 0 0 0
fn=_dl_debug_initialize
76 2 0 0 0 0 0 0 0 0
120 2 1 1 0 0 0 0 0 0
122 2 0 0 1 1 1 0 0 0
127 3 0 0 1 0 0 0 0 0
154 3 1 1 0 0 0 3 0 0
157 2 0 0 1 0 0 0 0 0
160 2 1 1 1 0 0 1 0 0
162 3 0 0 1 0 0 0 0 0
168 1 0 0 1 0 0 0 0 0
fn=_dl_debug_post_relocate
46 4 2 2 0 0 0 1 0 0
51 1 0 0 0 0 0 1 0 0
52 10 0 0 1 0 0 3 0 0
54 5 0 0 4 0 0 0 0 0
56 7 1 1 3 0 0 0 0 0
57 3 0 0 0 0 0 0 0 0
70 2 0 0 2 0 0 0 0 0
fn=_dl_debug_update
76 6 0 0 0 0 0 0 0 0
77 3 0 0 0 0 0 0 0 0
94 3 1 1 0 0 0 0 0 0
96 6 0 0 3 1 0 0 0 0
100 3 0 0 3 0 0 0 0 0
fl=/usr/src/debug/glibc/glibc/elf/dl-debug_state.c
fn=_dl_debug_state
28 2 1 1 0 0 0 0 0 0
29 2 0 0 2 0 0 0 0 0
fl=/usr/src/debug/glibc/glibc/elf/dl-deps.c
fn=_dl_map_object_deps
128 2 0 0 0 0 0 2 1 1
129 2 1 1 0 0 0 2 0 0
130 7 0 0 0 0 0 2 0 0
132 3 0 0 0 0 0 1 0 0
136 8 0 0 2 0 0 2 0 0
143 14 1 1 0 0 0 7 1 1
144 20 3 3 1 1 1 0 0 0
160 9 1 1 0 0 0 0 0 0
161 1 0 0 1 0 0 0 0 0
164 2 0 0 1 0 0 1 0 0
182 1 1 1 1 0 0 0 0 0
183 6 0 0 3 0 0 1 0 0
184 1 0 0 0 0 0 1 0 0
186 1 0 0 0 0 0 0 0 0
188 9 0 0 4 0 0 1 0 0
190 2 0 0 0 0 0 0 0 0
193 4 0 0 0 0 0 4 0 0
197 12 0 0 4 0 0 0 0 0
198 27 2 2 11 0 0 2 0 0
201 8 0 0 2 0 0 0 0 0
205 4 0 0 2 0 0 0 0 0
208 16 0 0 8 1 1 0 0 0
210 8 1 1 6 0 0 0 0 0
215 2 0 0 0 0 0 2 1 1
216 2 0 0 0 0 0 2 0 0
217 2 0 0 0 0 0 2 0 0
218 4 1 1 2 0 0 2 0 0
219 2 0 0 0 0 0 2 0 0
221 234 0 0 64 0 0 0 0 0
222 108 0 0 0 0 0 0 0 0
228 28 2 2 4 0 0 7 0 0
230 2 0 0 0 0 0 2 0 0
232 20 2 2 0 0 0 10 0 0
233 4 0 0 2 0 0 0 0 0
242 2 0 0 2 0 0 0 0 0
244 4 0 0 2 0 0 0 0 0
249 14 1 1 2 0 0 0 0 0
252 2 0 0 0 0 0 2 0 0
253 2 1 1 0 0 0 2 0 0
254 2 0 0 0 0 0 2 0 0
255 4 0 0 2 0 0 2 0 0
256 2 0 0 0 0 0 2 0 0
257 2 0 0 2 0 0 0 0 0
259 8 0 0 2 0 0 2 0 0
263 6 0 0 2 0 0 0 0 0
264 3 0 0 0 0 0 1 0 0
266 156 1 1 0 0 0 0 0 0
409 1 0 0 0 0 0 1 0 0
417 8 1 1 0 0 0 0 0 0
419 8 0 0 0 0 0 4 0 0
422 8 0 0 0 0 0 4 0 0
423 10 0 0 6 0 0 0 0 0
429 2 0 0 0 0 0 2 0 0
430 10 0 0 0 0 0 6 0 0
431 12 0 0 2 0 0 2 0 0
434 2 0 0 0 0 0 2 0 0
435 4 0 0 4 0 0 0 0 0
439 12 1 1 4 0 0 0 0 0
441 4 1 1 4 0 0 0 0 0
442 17 0 0 3 0 0 0 0 0
448 5 0 0 1 0 0 0 0 0
449 1 0 0 0 0 0 1 0 0
452 4 1 1 1 0 0 1 0 0
463 4 0 0 1 0 0 1 0 0
465 3 1 1 1 0 0 0 0 0
470 4 0 0 1 0 0 1 0 0
471 1 0 0 0 0 0 1 0 0
472 1 0 0 0 0 0 0 0 0
474 17 0 0 4 0 0 0 0 0
478 12 1 1 4 0 0 0 0 0
484 8 0 0 0 0 0 0 0 0
485 8 0 0 0 0 0 4 1 1
490 4 0 0 4 0 0 0 0 0
494 2 1 1 0 0 0 0 0 0
495 3 0 0 1 0 0 0 0 0
532 2 1 1 0 0 0 0 0 0
533 2 0 0 0 0 0 0 0 0
536 1 0 0 1 0 0 0 0 0
547 5 0 0 1 0 0 1 0 0
552 9 1 1 1 0 0 2 0 0
553 2 1 1 2 0 0 0 0 0
557 2 0 0 0 0 0 1 0 0
559 1 0 0 0 0 0 1 0 0
560 1 0 0 1 0 0 0 0 0
561 3 1 1 1 0 0 0 0 0
568 3 0 0 1 0 0 0 0 0
571 3 0 0 1 0 0 0 0 0
574 8 1 1 7 0 0 0 0 0
fn=openaux
61 12 1 1 0 0 0 4 1 1
64 22 0 0 8 0 0 4 0 0
65 2 0 0 2 0 0 0 0 0
68 2 0 0 2 0 0 0 0 0
69 6 0 0 6 0 0 0 0 0
fl=/usr/src/debug/glibc/glibc/elf/dl-environ.c
fn=_dl_next_ld_env_entry
28 2 1 1 0 0 0 0 0 0
29 2 0 0 2 0 0 0 0 0
32 280 0 0 94 0 0 0 0 0
34 184 1 1 92 0 0 0 0 0
35 16 0 0 8 0 0 0 0 0
37 1 0 0 0 0 0 0 0 0
40 2 0 0 0 0 0 1 0 0
42 1 0 0 1 0 0 0 0 0
45 91 0 0 0 0 0 0 0 0
fl=/usr/src/debug/glibc/glibc/elf/dl-execstack-tunable.c
fn=_dl_handle_execstack_tunable
24 4 2 2 0 0 0 1 0 0
25 9 0 0 1 0 0 1 0 0
39 2 0 0 2 0 0 0 0 0
fl=/usr/src/debug/glibc/glibc/elf/dl-find_object.c
fn=_dl_find_object_init
578 5 1 1 0 0 0 2 0 0
581 1 0 0 1 1 0 0 0 0
583 2 1 1 1 0 0 0 0 0
584 3 1 1 0 0 0 1 0 0
596 2 0 0 0 0 0 1 0 0
597 4 0 0 1 0 0 1 0 0
599 2 0 0 0 0 0 0 0 0
602 3 1 1 0 0 0 1 0 0
607 1 0 0 0 0 0 1 0 0
608 1 0 0 0 0 0 1 0 0
611 4 0 0 2 0 0 0 0 0
613 1 0 0 0 0 0 1 0 0
616 6 1 1 3 0 0 1 0 0
618 1 0 0 0 0 0 0 0 0
621 3 0 0 3 0 0 0 0 0
fn=_dlfo_process_initial
505 14 1 1 0 0 0 8 0 0
506 2 0 0 2 0 0 0 0 0
509 4 0 0 2 0 0 0 0 0
513 6 0 0 0 0 0 2 0 0
514 28 2 2 8 1 0 2 0 0
515 22 0 0 2 0 0 0 0 0
516 8 0 0 8 0 0 0 0 0
518 28 1 1 6 0 0 0 0 0
521 24 0 0 6 0 0 0 0 0
524 30 1 1 6 0 0 0 0 0
529 18 0 0 6 1 0 0 0 0
531 9 0 0 0 0 0 3 0 0
532 3 0 0 0 0 0 0 0 0
533 12 1 1 0 0 0 0 0 0
546 2 0 0 0 0 0 2 0 0
548 12 0 0 10 0 0 0 0 0
fn=_dlfo_sort_mappings
553 8 1 1 0 0 0 3 0 0
554 2 0 0 0 0 0 0 0 0
557 9 0 0 0 0 0 0 0 0
561 4 0 0 2 0 0 0 0 0
562 28 1 1 0 0 0 0 0 0
563 6 0 0 3 0 0 0 0 0
565 6 0 0 0 0 0 0 0 0
570 12 1 1 8 0 0 0 0 0
571 12 0 0 6 0 0 6 0 0
572 8 0 0 0 0 0 8 0 0
574 4 0 0 4 0 0 0 0 0
fl=/usr/src/debug/glibc/glibc/elf/dl-fini.c
fn=_dl_fini
26 10 1 1 0 0 0 7 0 0
43 1 0 0 0 0 0 0 0 0
46 12 1 1 1 1 0 0 0 0
49 2 0 0 1 1 0 1 0 0
51 1 0 0 1 1 0 0 0 0
54 2 0 0 0 0 0 0 0 0
56 5 1 1 2 0 0 0 0 0
61 1 0 0 0 0 0 1 0 0
63 4 1 1 0 0 0 2 0 0
68 17 2 2 2 0 0 0 0 0
72 1 0 0 0 0 0 0 0 0
74 16 0 0 5 1 0 0 0 0
76 8 0 0 4 1 0 0 0 0
78 8 0 0 0 0 0 0 0 0
80 8 0 0 0 0 0 4 0 0
81 4 1 1 0 0 0 4 3 1
82 4 0 0 0 0 0 0 0 0
86 4 0 0 4 1 0 0 0 0
93 6 0 0 0 0 0 0 0 0
94 6 0 0 0 0 0 0 0 0
100 6 1 1 0 0 0 3 0 0
109 2 0 0 1 0 0 1 0 0
114 18 0 0 2 0 0 0 0 0
116 4 1 1 4 0 0 0 0 0
118 8 0 0 4 0 0 0 0 0
120 16 0 0 0 0 0 12 0 0
123 20 0 0 8 0 0 4 0 0
128 4 0 0 4 0 0 0 0 0
131 2 1 1 0 0 0 0 0 0
135 5 0 0 1 0 0 1 0 0
141 6 0 0 2 0 0 1 0 0
143 1 0 0 0 0 0 0 0 0
147 2 0 0 1 0 0 0 0 0
154 8 0 0 7 0 0 0 0 0
fl=/usr/src/debug/glibc/glibc/elf/dl-hwcaps.c
fn=_dl_important_hwcaps
51 16 1 1 0 0 0 4 0 0
53 2 0 0 0 0 0 0 0 0
54 4 0 0 2 0 0 0 0 0
56 4 0 0 0 0 0 0 0 0
99 5 0 0 0 0 0 3 0 0
101 2 0 0 0 0 0 0 0 0
104 2 0 0 1 0 0 1 0 0
107 1 0 0 0 0 0 0 0 0
111 4 1 1 0 0 0 1 0 0
124 12 1 1 0 0 0 3 0 0
126 10 0 0 4 0 0 2 1 1
127 4 0 0 2 0 0 2 0 0
128 4 0 0 0 0 0 2 0 0
129 2 0 0 0 0 0 0 0 0
132 3 0 0 0 0 0 0 0 0
141 10 1 1 6 0 0 0 0 0
142 12 1 1 2 0 0 1 0 0
144 10 1 1 1 0 0 6 0 0
150 4 1 1 2 0 0 0 0 0
154 5 0 0 2 0 0 1 0 0
155 2 0 0 0 0 0 0 0 0
156 3 0 0 0 0 0 0 0 0
160 1 0 0 1 0 0 0 0 0
161 3 0 0 1 0 0 1 0 0
162 2 0 0 0 0 0 2 0 0
171 14 2 2 0 0 0 9 1 1
173 2 0 0 0 0 0 2 0 0
174 2 0 0 0 0 0 0 0 0
184 4 1 1 2 0 0 1 0 0
185 2 0 0 0 0 0 0 0 0
188 4 0 0 1 0 0 2 1 1
192 2 0 0 1 0 0 0 0 0
193 2 0 0 0 0 0 0 0 0
201 4 0 0 2 0 0 0 0 0
202 7 1 1 0 0 0 3 0 0
203 6 0 0 3 0 0 1 0 0
207 2 0 0 1 0 0 1 0 0
208 1 0 0 0 0 0 1 0 0
215 9 0 0 7 0 0 0 0 0
fn=copy_hwcaps
73 14 1 1 0 0 0 8 0 0
76 16 0 0 0 0 0 4 0 0
78 2 0 0 0 0 0 2 0 0
79 16 0 0 4 0 0 6 1 1
83 2 0 0 0 0 0 2 0 0
84 2 0 0 2 0 0 0 0 0
85 6 0 0 2 0 0 2 0 0
86 4 0 0 0 0 0 2 0 0
87 4 0 0 0 0 0 2 0 0
89 12 0 0 10 0 0 0 0 0
fl=/usr/src/debug/glibc/glibc/elf/dl-hwcaps_split.c
fn=_dl_hwcaps_contains
66 6 0 0 0 0 0 0 0 0
67 12 0 0 0 0 0 0 0 0
68 6 0 0 0 0 0 0 0 0
77 6 0 0 6 0 0 0 0 0
fn=_dl_hwcaps_split
25 75 0 0 0 0 0 18 0 0
26 45 0 0 15 0 0 0 0 0
27 6 1 1 0 0 0 0 0 0
30 24 0 0 12 0 0 12 0 0
34 60 0 0 18 1 1 0 0 0
35 12 0 0 0 0 0 6 0 0
36 24 1 1 0 0 0 0 0 0
41 27 0 0 0 0 0 18 0 0
42 27 0 0 9 0 0 0 0 0
43 6 0 0 0 0 0 6 0 0
45 12 0 0 0 0 0 6 0 0
46 9 0 0 0 0 0 0 0 0
47 33 0 0 33 0 0 0 0 0
fn=_dl_hwcaps_split_masked
51 66 1 1 0 0 0 22 0 0
54 56 1 1 0 0 0 14 0 0
56 9 0 0 9 0 0 0 0 0
57 27 0 0 0 0 0 9 0 0
58 54 0 0 18 0 0 6 0 0
62 33 0 0 33 0 0 0 0 0
fl=/usr/src/debug/glibc/glibc/elf/dl-init.c
fn=_dl_init
81 13 1 1 0 0 0 6 0 0
82 1 0 0 1 1 0 0 0 0
83 1 0 0 1 0 0 0 0 0
86 3 1 1 1 0 0 0 0 0
88 1 0 0 0 0 0 1 0 0
89 3 1 1 1 0 0 1 0 0
94 2 0 0 0 0 0 0 0 0
105 1 1 1 0 0 0 1 1 0
119 1 0 0 1 0 0 0 0 0
120 17 0 0 0 0 0 0 0 0
121 24 1 1 8 0 0 4 0 0
127 8 0 0 7 0 0 0 0 0
fn=call_init
27 55 1 1 0 0 0 25 0 0
29 10 1 1 5 0 0 0 0 0
35 25 0 0 5 0 0 0 0 0
37 10 0 0 0 0 0 0 0 0
43 12 0 0 4 0 0 4 0 0
46 12 0 0 8 3 0 0 0 0
47 2 0 0 0 0 0 0 0 0
51 6 1 1 3 0 0 0 0 0
59 9 0 0 3 2 0 0 0 0
60 6 0 0 2 1 0 1 0 0
63 3 0 0 3 1 0 0 0 0
64 6 0 0 0 0 0 0 0 0
70 6 1 1 4 2 0 0 0 0
72 16 0 0 4 0 0 2 0 0
73 18 0 0 2 0 0 0 0 0
74 16 0 0 4 0 0 4 0 0
76 30 1 1 30 0 0 0 0 0
fl=/usr/src/debug/glibc/glibc/elf/dl-load.c
fn=_dl_dst_count
228 15 1 1 0 0 0 6 1 1
231 6 0 0 0 0 0 3 1 1
234 6 1 1 0 0 0 0 0 0
235 3 0 0 0 0 0 0 0 0
254 12 0 0 9 0 0 0 0 0
fn=_dl_init_paths
680 11 1 1 0 0 0 5 0 0
694 4 0 0 0 0 0 2 0 0
699 1 1 1 0 0 0 1 1 1
701 2 0 0 0 0 0 0 0 0
709 1 0 0 1 0 0 0 0 0
713 8 0 0 0 0 0 1 1 1
715 4 0 0 2 0 0 0 0 0
721 1 0 0 0 0 0 1 0 0
722 1 0 0 0 0 0 1 0 0
730 1 0 0 0 0 0 1 0 0
732 3 0 0 0 0 0 1 0 0
735 2 1 1 0 0 0 1 0 0
736 1 0 0 0 0 0 1 0 0
741 3 0 0 1 0 0 0 0 0
742 4 0 0 0 0 0 1 0 0
744 1 0 0 0 0 0 1 0 0
750 1 0 0 0 0 0 1 0 0
751 1 0 0 0 0 0 1 0 0
756 1 0 0 1 0 0 0 0 0
759 3 1 1 0 0 0 0 0 0
761 4 0 0 1 0 0 0 0 0
763 3 0 0 1 0 0 0 0 0
780 1 1 1 0 0 0 1 0 0
782 3 1 1 1 0 0 0 0 0
796 2 1 1 0 0 0 1 0 0
799 2 1 1 0 0 0 0 0 0
830 1 0 0 0 0 0 1 0 0
831 7 0 0 6 0 0 0 0 0
fn=_dl_lookup_map
1898 18 1 1 0 0 0 9 0 0
1899 6 0 0 0 0 0 0 0 0
1900 6 0 0 3 1 1 0 0 0
1903 36 1 1 9 0 0 0 0 0
1908 49 1 1 14 0 0 0 0 0
1910 35 0 0 0 0 0 7 1 1
1912 16 0 0 6 0 0 0 0 0
1913 10 0 0 0 0 0 4 0 0
1926 18 1 1 12 0 0 0 0 0
fn=_dl_map_new_object
1933 30 1 1 0 0 0 16 2 2
1935 2 1 1 0 0 0 2 0 0
1943 4 0 0 2 0 0 0 0 0
1950 2 0 0 0 0 0 2 1 1
1955 6 0 0 2 0 0 0 0 0
1969 10 0 0 0 0 0 2 2 2
1973 4 1 1 0 0 0 2 0 0
1975 2 1 1 1 0 0 0 0 0
1982 4 0 0 1 0 0 0 0 0
1986 2 1 1 1 0 0 1 0 0
1991 8 2 2 4 0 0 1 0 0
1992 7 1 1 0 0 0 1 0 0
1994 7 0 0 0 0 0 3 0 0
2006 2 0 0 0 0 0 0 0 0
2007 9 1 1 2 0 0 1 0 0
2008 8 1 1 2 0 0 2 0 0
2017 2 1 1 0 0 0 0 0 0
2032 2 0 0 1 0 0 0 0 0
2039 3 1 1 0 0 0 0 0 0
2040 7 1 1 0 0 0 1 0 0
2048 2 0 0 0 0 0 0 0 0
2050 3 0 0 1 0 0 0 0 0
2054 3 0 0 0 0 0 1 0 0
2056 2 0 0 0 0 0 0 0 0
2060 2 0 0 0 0 0 0 0 0
2068 2 1 1 1 0 0 0 0 0
2091 10 0 0 0 0 0 2 0 0
2095 2 0 0 0 0 0 0 0 0
2096 1 0 0 0 0 0 1 0 0
2113 3 1 1 2 0 0 0 0 0
2119 1 1 1 0 0 0 1 0 0
2120 4 0 0 0 0 0 1 0 0
2121 2 0 0 0 0 0 0 0 0
2122 2 0 0 0 0 0 0 0 0
2126 10 0 0 0 0 0 2 0 0
2129 3 1 1 1 0 0 0 0 0
2141 6 0 0 0 0 0 0 0 0
2187 25 1 1 7 0 0 10 0 0
2189 16 0 0 14 0 0 0 0 0
fn=_dl_map_object
2194 42 1 1 0 0 0 18 2 2
2195 9 0 0 0 0 0 6 1 1
2196 9 0 0 3 0 0 0 0 0
2198 12 0 0 0 0 0 0 0 0
2199 22 1 1 19 0 0 0 0 0
fn=_dl_map_object_from_fd
948 28 2 2 0 0 0 20 3 3
963 8 0 0 2 0 0 2 0 0
999 29 1 1 13 0 0 0 0 0
1000 10 0 0 5 0 0 0 0 0
1018 4 1 1 2 0 0 0 0 0
1048 8 1 1 2 0 0 2 0 0
1058 4 0 0 2 0 0 0 0 0
1065 16 1 1 10 0 0 2 0 0
1066 4 0 0 0 0 0 0 0 0
1077 4 0 0 2 0 0 2 2 2
1078 14 1 1 10 0 0 2 0 0
1079 4 0 0 2 0 0 2 0 0
1081 2 0 0 0 0 0 0 0 0
1082 8 1 1 4 0 0 0 0 0
1083 2 0 0 0 0 0 1 1 1
1086 16 2 2 1 0 0 1 0 0
1087 6 0 0 1 0 0 1 1 1
1098 2 0 0 0 0 0 2 0 0
1100 2 0 0 0 0 0 2 0 0
1102 40 1 1 4 0 0 4 0 0
1103 2 0 0 0 0 0 0 0 0
1104 2 0 0 0 0 0 2 0 0
1105 2 0 0 0 0 0 2 0 0
1106 2 0 0 0 0 0 0 0 0
1112 91 1 1 2 0 0 0 0 0
1113 231 3 3 27 10 10 0 0 0
1119 4 1 1 2 2 2 0 0 0
1126 5 0 0 3 0 0 2 0 0
1127 6 0 0 2 0 0 2 0 0
1128 20 1 1 4 0 0 2 0 0
1133 2 0 0 1 0 0 1 0 0
1134 1 0 0 0 0 0 0 0 0
1139 52 1 1 18 3 3 0 0 0
1147 24 0 0 0 0 0 0 0 0
1148 36 0 0 8 0 0 8 2 2
1149 48 1 1 8 1 1 8 0 0
1150 8 0 0 0 0 0 8 0 0
1151 16 0 0 8 0 0 8 1 1
1153 56 0 0 8 0 0 0 0 0
1155 16 0 0 0 0 0 8 0 0
1168 34 0 0 12 0 0 0 0 0
1173 8 0 0 0 0 0 0 0 0
1177 3 0 0 1 0 0 0 0 0
1181 4 1 1 0 0 0 1 1 1
1182 1 0 0 1 0 0 0 0 0
1186 5 0 0 0 0 0 1 1 1
1187 2 0 0 1 0 0 1 0 0
1190 1 0 0 0 0 0 1 0 0
1195 4 0 0 1 0 0 0 0 0
1211 2 0 0 0 0 0 0 0 0
1214 6 0 0 4 1 1 2 1 1
1219 8 0 0 0 0 0 0 0 0
1229 34 0 0 0 0 0 0 0 0
1230 16 1 1 0 0 0 8 0 0
1236 4 0 0 2 0 0 0 0 0
1246 8 0 0 4 0 0 0 0 0
1253 14 1 1 8 0 0 2 0 0
1269 8 1 1 4 0 0 0 0 0
1270 4 0 0 2 0 0 2 0 0
1276 4 1 1 0 0 0 0 0 0
1277 4 0 0 0 0 0 0 0 0
1279 4 0 0 0 0 0 0 0 0
1289 6 0 0 2 0 0 0 0 0
1308 4 1 1 2 0 0 2 0 0
1310 10 0 0 4 0 0 0 0 0
1330 6 0 0 2 1 1 0 0 0
1331 2 0 0 1 0 0 1 0 0
1337 70 1 1 33 0 0 0 0 0
1338 125 1 1 27 23 23 0 0 0
1344 35 0 0 0 0 0 2 0 0
1349 8 2 2 2 0 0 2 0 0
1362 4 0 0 2 0 0 0 0 0
1364 8 0 0 4 0 0 2 0 0
1366 4 0 0 2 0 0 0 0 0
1382 4 1 1 0 0 0 2 0 0
1386 4 0 0 2 0 0 0 0 0
1387 4 0 0 2 0 0 0 0 0
1404 4 0 0 2 0 0 0 0 0
1405 1 0 0 0 0 0 1 0 0
1408 8 1 1 4 0 0 4 0 0
1413 4 0 0 2 0 0 0 0 0
1418 4 0 0 2 0 0 0 0 0
1428 8 0 0 4 0 0 0 0 0
1429 7 1 1 0 0 0 1 0 0
1430 3 0 0 1 0 0 1 0 0
1436 4 0 0 2 0 0 0 0 0
1437 4 0 0 1 0 0 0 0 0
1442 2 0 0 0 0 0 1 0 0
1449 6 1 1 2 0 0 2 0 0
1452 4 0 0 2 0 0 0 0 0
1455 10 1 1 4 0 0 2 0 0
1458 18 1 1 14 0 0 0 0 0
fn=_dl_notify_new_object
908 18 2 2 0 0 0 10 0 0
910 6 0 0 0 0 0 2 0 0
911 6 0 0 2 0 0 0 0 0
928 4 1 1 0 0 0 0 0 0
932 10 0 0 6 0 0 0 0 0
933 6 0 0 0 0 0 0 0 0
935 10 0 0 10 0 0 0 0 0
fn=_dl_process_pt_gnu_property
842 3 1 1 0 0 0 0 0 0
843 9 0 0 6 0 0 0 0 0
844 3 1 1 3 0 0 0 0 0
850 6 0 0 3 0 0 0 0 0
856 15 0 0 0 0 0 0 0 0
859 9 1 1 3 3 3 0 0 0
860 6 0 0 3 0 0 0 0 0
861 6 0 0 3 0 0 0 0 0
864 9 1 1 3 0 0 0 0 0
865 9 0 0 0 0 0 0 0 0
869 3 0 0 0 0 0 0 0 0
870 6 0 0 0 0 0 0 0 0
874 10 1 1 5 1 1 0 0 0
875 5 0 0 5 0 0 0 0 0
878 10 0 0 0 0 0 0 0 0
881 5 0 0 0 0 0 0 0 0
882 15 0 0 0 0 0 0 0 0
888 2 0 0 0 0 0 0 0 0
892 6 0 0 0 0 0 0 0 0
894 8 0 0 0 0 0 0 0 0
904 1 0 0 1 0 0 0 0 0
fn=cache_rpath
655 6 0 0 0 0 0 0 0 0
656 9 1 1 3 0 0 0 0 0
657 3 1 1 0 0 0 0 0 0
673 6 0 0 3 0 0 0 0 0
fn=expand_dynamic_string_token
375 7 1 1 0 0 0 3 1 1
385 2 0 0 0 0 0 1 0 0
388 2 0 0 0 0 0 0 0 0
389 2 0 0 0 0 0 0 0 0
400 4 1 1 3 0 0 0 0 0
fn=open_verify.constprop.0
1511 24 1 1 0 0 0 14 0 0
1543 6 0 0 2 0 0 0 0 0
1562 10 1 1 0 0 0 2 0 0
1564 4 0 0 0 0 0 0 0 0
1572 2 0 0 0 0 0 2 0 0
1573 2 0 0 0 0 0 2 1 1
1578 10 1 1 0 0 0 2 0 0
1579 4 0 0 0 0 0 0 0 0
1580 4 0 0 0 0 0 0 0 0
1582 6 0 0 2 0 0 2 0 0
1584 4 0 0 0 0 0 0 0 0
1590 4 0 0 0 0 0 0 0 0
1605 34 2 2 8 0 0 0 0 0
1669 4 0 0 2 0 0 0 0 0
1674 4 0 0 2 0 0 0 0 0
1682 8 1 1 2 0 0 0 0 0
1688 4 0 0 2 1 1 0 0 0
1694 4 0 0 2 1 1 0 0 0
1695 8 0 0 2 0 0 0 0 0
1699 14 1 1 1 0 0 0 0 0
1700 5 1 1 0 0 0 1 1 1
1728 18 1 1 14 0 0 0 0 0
fl=/usr/src/debug/glibc/glibc/elf/dl-lookup-direct.c
fn=_dl_lookup_direct
74 30 1 1 0 0 0 15 0 0
75 3 0 0 3 0 0 0 0 0
76 6 0 0 0 0 0 0 0 0
78 21 1 1 9 1 1 3 0 0
79 6 0 0 0 0 0 0 0 0
81 6 0 0 3 0 0 3 0 0
84 25 1 1 5 2 2 0 0 0
86 30 0 0 3 0 0 6 0 0
87 18 0 0 6 0 0 3 0 0
90 6 0 0 0 0 0 0 0 0
93 6 0 0 0 0 0 0 0 0
116 24 1 1 21 0 0 0 0 0
fn=check_match
31 27 1 1 0 0 0 15 0 0
32 12 0 0 9 0 0 0 0 0
33 9 1 1 0 0 0 0 0 0
35 6 0 0 3 3 3 0 0 0
36 6 0 0 3 1 1 0 0 0
40 12 0 0 3 0 0 0 0 0
48 9 0 0 3 0 0 3 0 0
51 12 0 0 6 0 0 3 0 0
53 15 0 0 3 0 0 3 0 0
57 6 1 1 6 3 1 0 0 0
58 15 0 0 6 0 0 0 0 0
59 9 0 0 3 0 0 3 0 0
64 21 1 1 18 0 0 0 0 0
fl=/usr/src/debug/glibc/glibc/elf/dl-lookup.c
fn=_dl_lookup_symbol_x
767 1545 1 1 0 0 0 927 10 0
769 206 1 1 0 0 0 103 0 0
770 412 0 0 103 0 0 206 1 0
771 103 0 0 103 0 0 0 0 0
773 103 0 0 103 3 0 0 0 0
777 392 0 0 93 0 0 0 0 0
779 206 0 0 0 0 0 103 0 0
780 206 0 0 103 0 0 0 0 0
782 206 0 0 206 1 0 0 0 0
786 447 1 1 7 0 0 0 0 0
787 1751 1 1 515 0 0 721 8 1
792 309 0 0 206 0 0 0 0 0
794 49 2 2 14 0 0 0 0 0
811 103 0 0 0 0 0 103 0 0
812 14 0 0 0 0 0 0 0 0
815 96 0 0 96 0 0 0 0 0
816 652 1 1 91 0 0 0 0 0
823 96 0 0 96 0 0 0 0 0
851 576 0 0 96 0 0 0 0 0
865 288 0 0 96 3 0 0 0 0
866 2 1 1 0 0 0 1 0 0
868 192 0 0 96 0 0 0 0 0
872 7 1 1 0 0 0 0 0 0
885 96 1 1 96 0 0 0 0 0
887 927 0 0 721 0 0 0 0 0
fn=check_match
70 864 2 2 96 23 17 192 4 0
73 672 0 0 192 10 10 0 0 0
86 864 0 0 0 0 0 192 1 1
89 414 0 0 74 0 0 37 0 0
93 192 1 1 192 4 0 0 0 0
94 192 0 0 0 0 0 0 0 0
98 186 0 0 0 0 0 0 0 0
102 186 0 0 186 8 0 0 0 0
103 837 1 1 372 6 0 0 0 0
104 837 0 0 372 1 0 279 0 0
141 6 0 0 0 0 0 0 0 0
143 18 0 0 6 1 1 0 0 0
144 12 0 0 0 0 0 0 0 0
158 288 0 0 192 0 0 0 0 0
159 288 1 1 288 0 0 0 0 0
fn=do_lookup_x
344 1648 1 1 309 0 0 927 6 3
350 103 1 1 103 3 0 0 0 0
351 103 0 0 103 0 0 0 0 0
355 670 1 1 670 12 0 0 0 0
358 670 0 0 0 0 0 0 0 0
362 676 1 1 3 0 0 0 0 0
383 668 0 0 334 6 0 0 0 0
387 668 0 0 334 3 0 0 0 0
393 1002 0 0 334 6 0 0 0 0
397 334 0 0 0 0 0 334 0 0
398 334 0 0 0 0 0 334 0 0
401 1670 1 1 1002 14 0 0 0 0
402 1002 0 0 668 3 0 334 0 0
405 334 0 0 334 0 0 0 0 0
406 668 0 0 0 0 0 0 0 0
408 334 0 0 334 62 46 0 0 0
409 668 0 0 0 0 0 0 0 0
410 334 0 0 334 0 0 0 0 0
413 1336 0 0 334 0 0 0 0 0
416 2338 0 0 0 0 0 0 0 0
419 192 0 0 192 50 44 0 0 0
420 288 1 1 0 0 0 0 0 0
421 192 0 0 0 0 0 0 0 0
423 192 0 0 96 0 0 96 0 0
426 1060 0 0 212 70 63 0 0 0
428 1440 1 1 0 0 0 672 5 2
429 1536 2 2 672 0 0 576 5 1
430 192 0 0 0 0 0 0 0 0
433 1152 0 0 576 0 0 0 0 0
436 348 0 0 0 0 0 0 0 0
473 192 0 0 0 0 0 0 0 0
480 744 1 1 96 0 0 0 0 0
484 18 1 1 6 0 0 0 0 0
496 192 0 0 96 0 0 96 0 0
497 96 0 0 0 0 0 96 0 0
498 192 0 0 96 0 0 0 0 0
515 717 0 0 0 0 0 0 0 0
518 14 0 0 0 0 0 0 0 0
519 618 0 0 618 0 0 0 0 0
fl=/usr/src/debug/glibc/glibc/elf/dl-minimal-malloc.c
fn=__minimal_calloc
80 8 1 1 0 0 0 0 0 0
84 24 0 0 0 0 0 0 0 0
87 8 0 0 0 0 0 0 0 0
88 24 0 0 0 0 0 0 0 0
fn=__minimal_malloc
36 33 1 1 0 0 0 6 0 0
37 63 0 0 21 1 0 0 0 0
42 3 0 0 0 0 0 1 0 0
43 2 1 1 1 0 0 0 0 0
44 2 0 0 0 0 0 0 0 0
48 83 0 0 20 0 0 21 0 0
51 139 1 1 0 0 0 0 0 0
56 8 0 0 2 0 0 0 0 0
57 8 0 0 0 0 0 0 0 0
59 2 0 0 0 0 0 0 0 0
60 14 1 1 0 0 0 2 1 1
62 4 0 0 0 0 0 0 0 0
64 10 1 1 0 0 0 4 0 0
65 8 0 0 4 0 0 0 0 0
67 4 0 0 0 0 0 2 0 0
70 21 0 0 0 0 0 21 2 1
71 23 0 0 0 0 0 21 0 0
73 29 0 0 27 0 0 0 0 0
fl=/usr/src/debug/glibc/glibc/elf/dl-minimal.c
fn=__rtld_malloc_init_real
76 9 1 1 0 0 0 5 0 0
86 2 0 0 0 0 0 1 0 0
87 1 0 0 0 0 0 1 0 0
89 1 0 0 0 0 0 1 0 0
91 5 0 0 0 0 0 1 0 0
92 5 0 0 0 0 0 1 0 0
93 5 1 1 0 0 0 1 0 0
94 4 0 0 0 0 0 1 0 0
99 1 0 0 0 0 0 1 0 0
100 1 0 0 0 0 0 1 0 0
101 1 0 0 0 0 0 1 0 0
102 1 0 0 0 0 0 1 1 0
103 7 0 0 6 0 0 0 0 0
fn=__rtld_malloc_init_stubs
42 1 1 1 0 0 0 0 0 0
43 2 0 0 0 0 0 1 1 1
44 2 0 0 0 0 0 1 0 0
45 2 0 0 0 0 0 1 0 0
46 2 0 0 0 0 0 1 1 1
47 1 0 0 1 0 0 0 0 0
fn=lookup_malloc_symbol
61 24 1 1 0 0 0 8 0 0
63 4 0 0 0 0 0 4 0 0
64 36 1 1 4 0 0 12 0 0
68 28 0 0 16 0 0 0 0 0
69 24 1 1 12 0 0 0 0 0
71 4 0 0 0 0 0 4 0 0
72 16 0 0 16 0 0 0 0 0
fl=/usr/src/debug/glibc/glibc/elf/dl-misc.c
fn=_dl_name_match_p
68 98 1 1 0 0 0 42 2 2
69 56 0 0 14 0 0 14 0 0
70 3 0 0 0 0 0 0 0 0
72 14 0 0 14 0 0 0 0 0
74 58 0 0 0 0 0 0 0 0
75 90 1 1 18 0 0 18 0 0
78 15 0 0 15 0 0 0 0 0
80 11 0 0 0 0 0 0 0 0
81 56 0 0 56 0 0 0 0 0
fn=_dl_sysdep_read_whole_file
36 8 1 1 0 0 0 3 0 0
39 3 0 0 0 0 0 1 1 1
40 3 0 0 0 0 0 0 0 0
42 7 1 1 1 0 0 2 1 1
44 2 0 0 1 1 1 1 0 0
47 2 0 0 0 0 0 0 0 0
49 9 1 1 1 0 0 2 0 0
60 4 0 0 1 0 0 2 0 0
63 6 0 0 4 0 0 0 0 0
fl=/usr/src/debug/glibc/glibc/elf/dl-object.c
fn=_dl_add_to_namespace_list
31 21 1 1 0 0 0 9 0 0
33 6 0 0 3 0 0 3 0 0
35 19 1 1 3 0 0 0 0 0
38 20 0 0 5 0 0 0 0 0
40 2 0 0 0 0 0 2 0 0
42 2 0 0 0 0 0 2 0 0
45 2 1 1 0 0 0 1 0 0
46 6 0 0 3 0 0 0 0 0
47 6 0 0 3 1 1 3 0 0
48 6 0 0 0 0 0 3 0 0
50 6 0 0 3 0 0 0 0 0
51 9 0 0 9 0 0 0 0 0
fn=_dl_new_object
59 45 1 1 0 0 0 30 3 3
62 6 0 0 0 0 0 0 0 0
64 2 1 1 0 0 0 0 0 0
66 3 1 1 1 0 0 0 0 0
67 6 1 1 1 0 0 1 0 0
71 2 0 0 0 0 0 0 0 0
77 1 0 0 0 0 0 0 0 0
80 2 0 0 2 0 0 0 0 0
83 13 1 1 0 0 0 7 1 1
87 4 0 0 0 0 0 0 0 0
92 2 0 0 0 0 0 0 0 0
95 6 0 0 0 0 0 0 0 0
98 3 1 1 0 0 0 3 2 2
99 9 0 0 3 0 0 3 3 3
103 6 0 0 0 0 0 3 1 1
104 21 0 0 6 0 0 9 0 0
106 3 1 1 0 0 0 3 0 0
119 13 0 0 8 0 0 0 0 0
123 2 0 0 0 0 0 0 0 0
125 1 0 0 0 0 0 0 0 0
127 21 0 0 6 3 3 6 0 0
130 6 0 0 3 0 0 0 0 0
131 6 1 1 0 0 0 3 3 3
132 3 1 1 0 0 0 3 0 0
136 6 0 0 3 0 0 3 0 0
139 78 0 0 0 0 0 0 0 0
141 16 0 0 0 0 0 16 4 4
149 6 1 1 0 0 0 3 0 0
150 3 0 0 0 0 0 3 3 3
153 1 1 1 0 0 0 0 0 0
155 15 0 0 6 1 1 0 0 0
157 8 0 0 0 0 0 2 2 2
160 8 0 0 0 0 0 0 0 0
164 8 0 0 2 0 0 0 0 0
168 12 1 1 2 0 0 0 0 0
176 1 1 1 0 0 0 1 0 0
179 6 0 0 0 0 0 3 0 0
189 12 0 0 6 0 0 0 0 0
191 8 0 0 0 0 0 4 0 0
195 6 1 1 0 0 0 0 0 0
199 4 0 0 0 0 0 0 0 0
200 4 0 0 0 0 0 0 0 0
208 2 0 0 0 0 0 0 0 0
212 2 0 0 0 0 0 0 0 0
245 6 1 1 4 0 0 2 0 0
250 84 0 0 0 0 0 0 0 0
251 84 0 0 42 0 0 0 0 0
255 4 0 0 0 0 0 0 0 0
256 2 0 0 0 0 0 2 0 0
259 2 0 0 0 0 0 2 0 0
263 27 0 0 21 0 0 0 0 0
fl=/usr/src/debug/glibc/glibc/elf/dl-reloc.c
fn=_dl_protect_relro
352 24 2 2 0 0 0 8 0 0
353 12 0 0 4 2 0 0 0 0
356 24 1 1 12 0 0 0 0 0
359 8 0 0 0 0 0 0 0 0
363 8 0 0 0 0 0 0 0 0
364 28 0 0 0 0 0 4 0 0
370 12 0 0 12 0 0 0 0 0
fn=_dl_relocate_object
343 14 1 1 0 0 0 3 0 0
344 12 0 0 7 0 0 0 0 0
346 6 0 0 0 0 0 6 0 0
347 6 0 0 3 1 0 0 0 0
348 3 0 0 3 0 0 0 0 0
fn=_dl_relocate_object_no_relro
170 640 1 1 160 72 72 0 0 0
171 198 0 0 0 0 0 0 0 0
174 198 0 0 99 2 1 0 0 0
175 56 2 2 7 0 0 0 0 0
177 7 0 0 7 0 0 0 0 0
178 21 0 0 7 0 0 7 0 0
182 461 2 2 1 0 0 1 0 0
183 92 0 0 0 0 0 92 0 0
184 92 0 0 0 0 0 92 0 0
186 752 2 2 368 0 0 10 0 0
187 444 0 0 86 2 0 86 0 0
188 172 0 0 0 0 0 0 0 0
190 650 0 0 92 0 0 276 0 0
193 184 0 0 92 0 0 92 0 0
194 368 2 2 276 0 0 92 0 0
196 7 0 0 7 0 0 0 0 0
207 52 2 2 0 0 0 32 0 0
214 1 0 0 0 0 0 1 0 0
217 6 0 0 2 0 0 2 0 0
220 4 1 1 0 0 0 0 0 0
223 8 0 0 0 0 0 0 0 0
226 12 0 0 4 1 0 0 0 0
246 12 0 0 4 0 0 0 0 0
247 8 1 1 4 3 0 0 0 0
248 4 1 1 0 0 0 2 0 0
250 8 1 1 0 0 0 0 0 0
257 12 0 0 4 0 0 0 0 0
296 11775 9 9 1195 226 209 39 0 0
298 16 0 0 0 0 0 0 0 0
321 4 0 0 4 0 0 0 0 0
324 8 1 1 0 0 0 0 0 0
338 32 0 0 28 1 0 0 0 0
fl=/usr/src/debug/glibc/glibc/elf/dl-runtime.c
fn=_dl_fixup
46 60 1 1 0 0 0 36 0 0
48 48 0 0 24 12 0 0 0 0
49 18 1 1 12 0 0 0 0 0
54 6 0 0 6 3 0 0 0 0
55 24 0 0 6 3 0 0 0 0
56 42 0 0 6 3 0 6 3 0
58 6 0 0 6 1 0 0 0 0
63 12 1 1 0 0 0 0 0 0
67 12 0 0 6 5 2 0 0 0
69 30 1 1 6 3 0 0 0 0
71 18 0 0 6 3 0 0 0 0
75 18 0 0 12 7 0 0 0 0
76 24 0 0 6 0 0 0 0 0
84 6 0 0 0 0 0 0 0 0
85 18 0 0 6 3 0 0 0 0
95 60 1 1 12 3 0 18 0 0
99 30 0 0 18 0 0 0 0 0
109 60 1 1 24 0 0 6 0 0
123 2 1 1 0 0 0 2 0 0
124 24 0 0 6 0 0 0 0 0
125 6 0 0 2 0 0 2 0 0
133 18 0 0 6 3 0 0 0 0
159 18 1 1 6 3 0 0 0 0
162 12 1 1 6 0 0 0 0 0
163 48 0 0 42 0 0 0 0 0
fl=/usr/src/debug/glibc/glibc/elf/dl-setup_hash.c
fn=_dl_setup_hash
25 4 1 1 0 0 0 0 0 0
28 12 0 0 4 0 0 0 0 0
31 12 0 0 8 0 0 0 0 0
32 8 0 0 4 4 4 4 0 0
33 4 0 0 4 0 0 0 0 0
34 4 0 0 4 0 0 0 0 0
36 12 1 1 0 0 0 0 0 0
37 4 0 0 0 0 0 4 0 0
38 12 0 0 4 0 0 4 0 0
40 4 0 0 0 0 0 4 0 0
41 8 0 0 0 0 0 0 0 0
43 4 0 0 0 0 0 4 0 0
45 16 1 1 0 0 0 4 0 0
50 4 0 0 4 0 0 0 0 0
fl=/usr/src/debug/glibc/glibc/elf/dl-sort-maps.c
fn=_dl_sort_maps
140 16 1 1 8 0 0 0 0 0
143 24 0 0 0 0 0 8 0 0
181 2 0 0 0 0 0 2 0 0
182 2 0 0 2 0 0 0 0 0
183 34 1 1 0 0 0 0 0 0
184 16 0 0 16 0 0 0 0 0
211 32 2 2 2 0 0 0 0 0
216 4 0 0 0 0 0 2 0 0
218 2 0 0 0 0 0 2 0 0
219 18 1 1 2 0 0 4 0 0
221 24 0 0 0 0 0 2 0 0
223 8 0 0 8 0 0 0 0 0
226 24 0 0 8 0 0 0 0 0
244 12 0 0 8 0 0 0 0 0
263 8 1 1 0 0 0 2 0 0
276 8 2 2 2 0 0 0 0 0
283 2 0 0 0 0 0 0 0 0
298 26 0 0 0 0 0 14 1 1
306 6 1 1 2 1 0 0 0 0
310 16 1 1 14 0 0 0 0 0
fn=_dl_sort_maps_init
289 4 1 1 0 0 0 1 0 0
290 4 0 0 0 0 0 1 0 0
291 1 0 0 0 0 0 1 0 0
292 3 1 1 1 0 0 0 0 0
293 2 0 0 2 0 0 0 0 0
fn=dfs_traversal.part.0
135 40 2 1 0 0 0 8 0 0
140 20 0 0 10 0 0 0 0 0
143 8 0 0 8 0 0 0 0 0
145 24 2 1 8 2 0 0 0 0
147 60 0 0 15 2 0 0 0 0
156 28 2 2 4 0 0 0 0 0
171 24 0 0 8 0 0 8 0 0
172 8 0 0 0 0 0 8 0 0
173 16 0 0 16 0 0 0 0 0
fl=/usr/src/debug/glibc/glibc/elf/dl-tunables.c
fn=__GI___tunable_set_val
162 6 1 1 0 0 0 0 0 0
163 24 0 0 0 0 0 0 0 0
165 6 0 0 0 0 0 0 0 0
fn=__GI___tunables_init
43 465 1 1 93 0 0 0 0 0
46 92 0 0 0 0 0 0 0 0
49 9457 0 0 1351 52 52 0 0 0
53 184 0 0 0 0 0 0 0 0
57 276 0 0 0 0 0 0 0 0
294 10 1 1 0 0 0 6 0 0
300 3 0 0 1 0 0 0 0 0
304 29 1 1 0 0 0 14 5 5
317 2576 0 0 0 0 0 0 0 0
319 828 1 1 0 0 0 0 0 0
320 2484 0 0 0 0 0 0 0 0
322 4140 0 0 1656 10 10 0 0 0
337 6 1 1 1 0 0 0 0 0
340 27 0 0 0 0 0 0 0 0
343 27 1 1 9 0 0 0 0 0
352 8 0 0 7 0 0 0 0 0
fn=__tunable_get_val
435 68 1 1 0 0 0 0 0 0
438 300 1 1 34 31 29 0 0 0
447 44 0 0 31 19 14 13 0 0
448 13 0 0 0 0 0 0 0 0
457 27 1 1 0 0 0 21 0 0
464 102 0 0 34 7 5 0 0 0
466 34 0 0 34 0 0 0 0 0
fn=do_tunable_update_val
70 12 0 0 0 0 0 0 0 0
73 30 1 1 6 0 0 0 0 0
83 6 0 0 6 0 0 0 0 0
94 24 0 0 12 0 0 0 0 0
95 30 0 0 12 0 0 0 0 0
99 12 0 0 0 0 0 0 0 0
101 24 1 1 0 0 0 0 0 0
105 6 0 0 0 0 0 0 0 0
112 12 0 0 0 0 0 0 0 0
113 12 0 0 0 0 0 0 0 0
116 6 1 1 0 0 0 6 0 0
117 6 0 0 0 0 0 6 0 0
118 6 0 0 0 0 0 6 0 0
119 12 0 0 6 0 0 6 0 0
fl=/usr/src/debug/glibc/glibc/elf/dl-tunables.h
fn=__GI___tunables_init
160 3648 2 2 1096 1 1 0 0 0
161 2016 0 0 0 0 0 0 0 0
165 276 1 1 0 0 0 0 0 0
fl=/usr/src/debug/glibc/glibc/elf/dl-version.c
fn=_dl_check_all_versions
399 5 1 1 0 0 0 2 0 0
401 7 1 1 0 0 0 2 0 0
403 15 1 1 4 0 0 1 0 0
404 4 0 0 0 0 0 0 0 0
405 24 0 0 4 0 0 4 0 0
408 7 0 0 6 0 0 0 0 0
fn=_dl_check_map_versions
36 26 1 1 4 0 0 0 0 0
37 5 0 0 5 0 0 0 0 0
38 39 0 0 0 0 0 7 0 0
56 24 0 0 18 0 0 0 0 0
64 12 1 1 6 0 0 0 0 0
70 18 0 0 6 0 0 0 0 0
86 6 0 0 6 1 0 0 0 0
87 12 0 0 0 0 0 0 0 0
89 6 0 0 6 0 0 0 0 0
94 152 1 1 55 13 13 18 0 0
99 8 1 1 2 0 0 6 0 0
108 110 0 0 55 5 5 0 0 0
110 6 1 1 6 1 1 0 0 0
113 48 1 1 18 0 0 12 0 0
120 147 0 0 49 5 5 0 0 0
124 49 0 0 0 0 0 0 0 0
155 16 1 1 0 0 0 4 0 0
156 4 1 1 0 0 0 4 0 0
164 4 0 0 0 0 0 4 0 0
170 16 0 0 4 0 0 4 0 0
171 1 0 0 0 0 0 1 0 0
172 24 0 0 8 0 0 12 0 0
174 12 1 1 4 2 1 4 0 0
175 4 0 0 4 0 0 0 0 0
177 8 0 0 0 0 0 0 0 0
180 6 0 0 4 0 0 2 0 0
184 4 0 0 2 2 2 0 0 0
200 4 0 0 4 0 0 0 0 0
208 4 0 0 0 0 0 0 0 0
213 6 0 0 2 0 0 0 0 0
215 4 0 0 0 0 0 0 0 0
217 18 0 0 12 2 2 0 0 0
218 46 1 1 34 0 0 0 0 0
221 12 0 0 6 0 0 6 0 0
224 18 0 0 6 0 0 0 0 0
225 12 0 0 0 0 0 6 0 0
228 6 1 1 4 0 0 2 0 0
231 24 1 1 6 0 0 0 0 0
234 18 0 0 6 0 0 0 0 0
239 4 0 0 0 0 0 0 0 0
243 6 0 0 2 0 0 0 0 0
257 20 3 3 12 0 0 0 0 0
260 4 0 0 4 0 0 0 0 0
263 216 0 0 55 4 4 2 0 0
266 165 0 0 53 1 1 2 0 0
270 51 0 0 0 0 0 0 0 0
274 9 1 1 3 0 0 0 0 0
279 3 0 0 0 0 0 3 0 0
280 12 1 1 3 0 0 3 0 0
281 9 1 1 3 0 0 0 0 0
291 3 0 0 0 0 0 3 0 0
294 15 0 0 9 1 0 3 0 0
296 6 1 1 0 0 0 0 0 0
299 6 0 0 4 0 0 0 0 0
303 6 0 0 2 0 0 0 0 0
306 6 0 0 6 0 0 0 0 0
308 24 0 0 0 0 0 0 0 0
310 30 1 1 6 0 0 6 0 0
311 12 0 0 0 0 0 6 3 3
312 18 0 0 6 0 0 6 2 2
313 18 0 0 6 0 0 6 0 0
316 18 0 0 6 0 0 0 0 0
321 4 0 0 0 0 0 0 0 0
324 6 0 0 2 0 0 0 0 0
334 6 1 1 0 0 0 0 0 0
337 6 0 0 4 0 0 0 0 0
341 51 0 0 51 0 0 0 0 0
343 106 0 0 53 0 0 0 0 0
347 51 0 0 51 0 0 0 0 0
348 204 0 0 51 0 0 51 13 13
349 153 0 0 51 0 0 51 0 0
350 51 0 0 0 0 0 51 6 6
353 159 0 0 53 0 0 0 0 0
357 51 0 0 0 0 0 0 0 0
364 201 2 2 3 0 0 0 0 0
365 126 0 0 63 0 0 0 0 0
366 18 0 0 0 0 0 6 0 0
372 6 0 0 0 0 0 0 0 0
373 4 1 1 2 0 0 0 0 0
374 4 0 0 2 0 0 0 0 0
375 2 0 0 1 0 0 0 0 0
377 4 1 1 3 0 0 0 0 0
379 120 1 1 31 0 0 0 0 0
380 58 0 0 0 0 0 0 0 0
382 2 0 0 1 0 0 0 0 0
383 6 1 1 0 0 0 1 0 0
394 24 0 0 24 0 0 0 0 0
fl=/usr/src/debug/glibc/glibc/elf/do-rel.h
fn=_dl_relocate_object_no_relro
48 8 0 0 0 0 0 0 0 0
49 24 0 0 8 0 0 0 0 0
50 32 0 0 0 0 0 8 0 0
51 4 1 1 4 0 0 0 0 0
53 72 2 2 16 0 0 20 0 0
72 176 2 2 0 0 0 1 0 0
73 17 2 2 0 0 0 5 0 0
80 24 0 0 8 0 0 0 0 0
83 34 1 1 1 0 0 0 0 0
85 36 1 1 9 3 3 0 0 0
96 2 1 1 0 0 0 0 0 0
97 2 0 0 0 0 0 0 0 0
105 21 1 1 0 0 0 0 0 0
114 19 1 1 0 0 0 0 0 0
117 23 0 0 7 3 0 0 0 0
120 20 0 0 10 2 0 5 0 0
122 472 1 1 159 0 0 0 0 0
124 770 1 1 462 101 97 0 0 0
125 616 0 0 154 0 0 154 0 0
126 428 1 1 214 0 0 214 0 0
127 428 0 0 107 0 0 0 0 0
129 462 0 0 0 0 0 0 0 0
131 94 0 0 47 0 0 0 0 0
132 4 0 0 0 0 0 2 0 0
133 47 0 0 0 0 0 47 0 0
141 336 0 0 107 0 0 0 0 0
155 15 1 1 9 0 0 0 0 0
156 149 0 0 4 0 0 0 0 0
157 141 1 1 47 0 0 0 0 0
160 141 0 0 94 0 0 0 0 0
162 188 1 1 47 0 0 47 0 0
163 47 0 0 47 0 0 0 0 0
164 47 0 0 47 0 0 0 0 0
171 26 0 0 8 0 0 3 0 0
173 42 0 0 12 3 3 6 0 0
174 12 0 0 12 0 0 0 0 0
176 18 1 1 0 0 0 0 0 0
184 6 0 0 0 0 0 6 0 0
187 65 0 0 6 0 0 0 0 0
202 5 1 1 3 0 0 0 0 0
fn=_dl_start
48 2 0 0 0 0 0 0 0 0
49 6 0 0 2 0 0 0 0 0
50 8 1 1 0 0 0 0 0 0
51 1 0 0 1 0 0 0 0 0
53 11 1 1 4 0 0 0 0 0
56 4 0 0 0 0 0 0 0 0
61 8 1 1 0 0 0 0 0 0
63 2 0 0 1 0 0 0 0 0
64 2 0 0 0 0 0 0 0 0
65 1 0 0 1 0 0 0 0 0
fl=/usr/src/debug/glibc/glibc/elf/get-dynamic-info.h
fn=_dl_map_object_from_fd
39 4 0 0 0 0 0 0 0 0
43 4 0 0 0 0 0 0 0 0
45 198 1 1 50 14 14 0 0 0
49 96 0 0 0 0 0 0 0 0
51 24 0 0 0 0 0 0 0 0
52 12 0 0 0 0 0 0 0 0
53 3 0 0 0 0 0 0 0 0
54 36 0 0 0 0 0 0 0 0
55 28 0 0 0 0 0 0 0 0
56 10 1 1 0 0 0 0 0 0
59 8 0 0 0 0 0 0 0 0
62 8 1 1 0 0 0 0 0 0
64 8 0 0 0 0 0 0 0 0
68 48 0 0 0 0 0 48 11 11
72 8 1 1 2 0 0 0 0 0
84 6 0 0 2 0 0 0 0 0
85 7 0 0 3 0 0 0 0 0
86 8 0 0 4 0 0 0 0 0
87 8 0 0 4 0 0 0 0 0
88 10 1 1 4 0 0 0 0 0
89 7 0 0 3 0 0 0 0 0
90 7 0 0 3 1 1 0 0 0
91 8 0 0 4 0 0 0 0 0
103 16 1 1 4 0 0 2 0 0
110 6 0 0 2 1 1 0 0 0
115 2 0 0 1 0 0 0 0 0
123 6 1 1 4 0 0 0 0 0
129 6 0 0 2 0 0 0 0 0
130 6 0 0 4 0 0 0 0 0
147 6 0 0 2 0 0 0 0 0
152 4 0 0 2 0 0 2 0 0
154 4 0 0 0 0 0 0 0 0
156 4 1 1 0 0 0 0 0 0
158 4 0 0 0 0 0 0 0 0
159 2 0 0 0 0 0 2 0 0
162 6 0 0 2 0 0 0 0 0
164 6 0 0 2 0 0 2 0 0
165 4 0 0 0 0 0 0 0 0
174 6 1 1 4 0 0 0 0 0
175 6 1 1 0 0 0 0 0 0
180 4 0 0 0 0 0 0 0 0
181 4 0 0 2 0 0 2 0 0
184 4 0 0 2 0 0 0 0 0
fl=/usr/src/debug/glibc/glibc/elf/libc_early_init.c
fn=__libc_early_init
34 9 2 2 1 0 0 3 0 0
36 1 0 0 0 0 0 1 0 0
39 2 0 0 1 0 0 1 1 1
42 2 0 0 0 0 0 2 1 1
47 2 0 0 0 0 0 1 0 0
50 4 0 0 2 0 0 0 0 0
51 2 0 0 2 0 0 0 0 0
fl=/usr/src/debug/glibc/glibc/elf/rtld.c
fn=_dl_start
84 8 1 1 0 0 0 2 1 1
454 1 0 0 0 0 0 1 0 0
458 5 0 0 1 0 0 1 0 0
476 2 0 0 0 0 0 1 0 0
477 2 0 0 0 0 0 1 0 0
479 1 0 0 0 0 0 1 1 1
481 2 0 0 0 0 0 1 0 0
490 1 0 0 0 0 0 1 0 0
496 4 1 0 1 0 0 1 0 0
498 2 0 0 1 0 0 0 0 0
519 10 1 1 0 0 0 7 1 1
545 1 0 0 0 0 0 1 1 1
548 2 1 1 0 0 0 1 0 0
549 1 0 0 1 1 1 0 0 0
565 444 7 7 28 6 6 6 1 1
567 1 1 1 1 0 0 0 0 0
585 9 0 0 7 1 0 0 0 0
fn=dl_main
84 21 3 3 0 0 0 1 0 0
91 15 2 2 0 0 0 0 0 0
92 2 0 0 0 0 0 1 0 0
100 10 0 0 6 2 0 0 0 0
196 2 0 0 0 0 0 1 0 0
198 1 0 0 0 0 0 1 0 0
223 2 1 1 2 0 0 0 0 0
224 5 1 1 3 0 0 0 0 0
225 4 1 1 0 0 0 0 0 0
295 3 0 0 0 0 0 3 0 0
301 1 1 1 0 0 0 1 0 0
302 1 0 0 0 0 0 1 0 0
820 1 1 1 1 0 0 0 0 0
822 1 0 0 0 0 0 1 0 0
831 1 0 0 0 0 0 1 0 0
833 1 0 0 0 0 0 1 0 0
838 1 0 0 0 0 0 1 0 0
1094 1 0 0 1 0 0 0 0 0
1095 1 0 0 1 0 0 0 0 0
1097 1 0 0 0 0 0 0 0 0
1101 2 0 0 1 1 1 1 1 1
1103 1 1 1 1 0 0 0 0 0
1104 1 0 0 1 0 0 0 0 0
1119 2 0 0 0 0 0 0 0 0
1122 51 2 2 0 0 0 0 0 0
1123 134 1 1 25 10 10 0 0 0
1127 3 1 1 1 0 0 1 0 0
1132 3 0 0 2 0 0 1 0 0
1133 9 0 0 2 0 0 1 0 0
1142 1 0 0 0 0 0 1 0 0
1143 2 0 0 2 1 1 0 0 0
1145 2 1 1 0 0 0 1 0 0
1147 1 0 0 0 0 0 0 0 0
1155 8 0 0 4 0 0 0 0 0
1156 24 1 1 8 1 1 0 0 0
1157 8 0 0 4 0 0 0 0 0
1158 1 0 0 0 0 0 1 0 0
1160 12 1 1 4 0 0 0 0 0
1161 14 0 0 0 0 0 0 0 0
1165 8 0 0 4 3 3 0 0 0
1166 8 0 0 4 0 0 0 0 0
1167 4 0 0 0 0 0 4 0 0
1171 8 1 1 0 0 0 0 0 0
1203 3 0 0 2 0 0 1 0 0
1209 34 0 0 0 0 0 0 0 0
1210 69 1 1 15 0 0 0 0 0
1216 19 0 0 0 0 0 1 0 0
1222 3 0 0 1 1 1 0 0 0
1225 2 1 1 1 0 0 0 0 0
1227 2 0 0 1 0 0 0 0 0
1252 2 0 0 1 1 1 0 0 0
1253 2 1 1 1 0 0 0 0 0
1255 2 0 0 1 0 0 0 0 0
1257 1 0 0 0 0 0 1 1 1
1258 2 0 0 1 0 0 1 0 0
1261 1 0 0 1 0 0 0 0 0
1267 1 0 0 0 0 0 0 0 0
1268 30 0 0 0 0 0 0 0 0
1269 12 0 0 0 0 0 0 0 0
1270 24 0 0 12 7 7 0 0 0
1272 16 1 1 5 2 2 0 0 0
1273 8 0 0 4 0 0 0 0 0
1274 16 0 0 0 0 0 0 0 0
1279 12 1 1 4 1 1 0 0 0
1286 3 0 0 0 0 0 0 0 0
1287 2 0 0 1 0 0 0 0 0
1289 3 0 0 2 1 1 1 0 0
1356 13 1 1 0 0 0 8 1 1
1361 1 0 0 0 0 0 1 0 0
1362 1 0 0 0 0 0 1 0 0
1368 1 0 0 0 0 0 1 1 1
1378 3 0 0 2 0 0 1 0 0
1379 4 1 1 2 0 0 0 0 0
1646 9 2 2 0 0 0 1 0 0
1648 2 0 0 0 0 0 0 0 0
1649 1 0 0 0 0 0 1 0 0
1650 2 0 0 1 0 0 1 0 0
1651 3 1 1 2 0 0 1 0 0
1655 3 0 0 0 0 0 1 0 0
1656 2 0 0 1 0 0 0 0 0
1679 1 0 0 0 0 0 1 0 0
1685 3 0 0 1 0 0 0 0 0
1686 6 0 0 2 0 0 1 0 0
1689 1 0 0 0 0 0 1 1 1
1690 1 1 1 0 0 0 1 0 0
1691 1 0 0 0 0 0 1 0 0
1693 2 0 0 1 0 0 0 0 0
1694 2 0 0 0 0 0 1 0 0
1699 2 0 0 1 0 0 0 0 0
1701 2 0 0 1 0 0 0 0 0
1714 2 1 1 0 0 0 1 0 0
1717 2 0 0 1 0 0 0 0 0
1742 4 0 0 1 0 0 1 0 0
1744 1 0 0 0 0 0 1 0 0
1749 2 0 0 1 0 0 0 0 0
1752 4 1 1 2 0 0 1 0 0
1753 4 1 1 1 0 0 1 0 0
1754 1 0 0 0 0 0 1 0 0
1755 1 0 0 0 0 0 1 0 0
1756 1 0 0 1 0 0 0 0 0
1757 1 0 0 1 0 0 0 0 0
1762 2 1 1 1 1 1 0 0 0
1771 2 1 1 1 0 0 0 0 0
1775 1 0 0 0 0 0 0 0 0
1776 2 0 0 1 0 0 0 0 0
1800 2 1 1 0 0 0 2 0 0
1806 3 0 0 0 0 0 1 0 0
1807 1 0 0 0 0 0 0 0 0
1811 3 0 0 0 0 0 1 0 0
1816 3 1 1 2 0 0 0 0 0
1818 1 0 0 0 0 0 0 0 0
1820 2 0 0 1 0 0 0 0 0
1824 5 1 1 1 0 0 1 0 0
1829 2 0 0 1 0 0 0 0 0
1845 5 0 0 0 0 0 1 0 0
1921 4 1 1 2 0 0 0 0 0
1925 19 3 3 1 0 0 0 0 0
1926 1 0 0 0 0 0 0 0 0
1929 3 0 0 0 0 0 1 0 0
1930 1 0 0 1 0 0 0 0 0
1931 2 0 0 0 0 0 0 0 0
1932 2 0 0 0 0 0 0 0 0
1937 3 0 0 1 0 0 0 0 0
1947 8 0 0 1 0 0 1 0 0
1953 20 1 1 1 0 0 0 0 0
1954 8 0 0 8 0 0 0 0 0
1957 3 0 0 2 0 0 1 0 0
1958 2 0 0 0 0 0 0 0 0
1959 1 0 0 0 0 0 1 0 0
1961 13 1 1 0 0 0 0 0 0
1962 9 0 0 3 0 0 0 0 0
1969 4 1 1 2 0 0 1 0 0
1970 3 0 0 1 0 0 0 0 0
1972 2 0 0 0 0 0 1 0 0
1974 2 0 0 0 0 0 0 0 0
1976 3 1 1 1 0 0 0 0 0
1990 8 2 2 2 0 0 0 0 0
1991 1 0 0 0 0 0 1 0 0
1992 3 0 0 1 0 0 0 0 0
2002 1 0 0 0 0 0 1 0 0
2003 4 1 1 0 0 0 1 0 0
2004 5 0 0 0 0 0 1 0 0
2014 2 0 0 1 0 0 1 0 0
2015 2 0 0 1 0 0 0 0 0
2016 4 1 1 0 0 0 2 0 0
2018 2 0 0 0 0 0 0 0 0
2023 3 0 0 1 0 0 0 0 0
2222 2 0 0 0 0 0 1 0 0
2226 2 1 1 1 0 0 1 0 0
2232 2 0 0 1 0 0 1 0 0
2235 2 0 0 1 0 0 0 0 0
2243 2 1 1 2 0 0 0 0 0
2247 3 0 0 1 0 0 0 0 0
2250 1 0 0 1 1 0 0 0 0
2255 2 0 0 1 0 0 0 0 0
2259 7 0 0 2 0 0 2 0 0
2260 1 0 0 1 0 0 0 0 0
2268 1 0 0 1 0 0 0 0 0
2269 23 2 2 2 0 0 2 0 0
2271 8 0 0 8 1 0 0 0 0
2276 8 0 0 8 4 0 0 0 0
2278 10 1 1 0 0 0 0 0 0
2280 1 1 1 0 0 0 1 0 0
2281 1 0 0 1 0 0 0 0 0
2284 4 0 0 4 0 0 0 0 0
2286 32 1 1 8 4 1 4 0 0
2290 10 0 0 5 3 0 0 0 0
2291 3 0 0 0 0 0 1 0 0
2298 1 0 0 0 0 0 1 0 0
2304 2 0 0 1 0 0 0 0 0
2308 4 1 1 2 0 0 0 0 0
2310 1 0 0 1 0 0 0 0 0
2317 3 0 0 1 0 0 1 0 0
2320 2 0 0 1 0 0 0 0 0
2324 3 1 1 2 1 0 0 0 0
2327 1 0 0 0 0 0 1 0 0
2332 2 0 0 1 0 0 0 0 0
2336 5 0 0 1 0 0 1 0 0
2339 1 0 0 0 0 0 1 0 0
2340 2 0 0 0 0 0 1 0 0
2343 2 0 0 0 0 0 1 0 0
2347 2 0 0 0 0 0 1 0 0
2352 3 0 0 1 0 0 1 0 0
2359 1 0 0 0 0 0 1 0 0
2363 3 0 0 0 0 0 1 0 0
2364 3 0 0 0 0 0 1 0 0
2365 1 0 0 0 0 0 0 0 0
2368 3 0 0 0 0 0 1 0 0
2372 1 0 0 0 0 0 1 0 0
2377 8 0 0 7 2 0 0 0 0
2513 1 0 0 1 0 0 0 0 0
2584 1 0 0 0 0 0 1 1 1
2586 1 1 1 0 0 0 0 0 0
2588 10 0 0 0 0 0 2 0 0
2590 1 0 0 0 0 0 0 0 0
2592 42 0 0 8 0 0 0 0 0
2593 7 1 1 0 0 0 0 0 0
2601 8 0 0 1 1 1 0 0 0
2626 2 1 1 1 0 0 0 0 0
2636 4 1 1 2 0 0 0 0 0
2638 2 0 0 0 0 0 1 0 0
2639 1 0 0 0 0 0 0 0 0
2712 2 0 0 1 0 0 0 0 0
2722 5 1 1 1 0 0 0 0 0
2745 4 0 0 1 0 0 1 0 0
fn=do_preload
787 8 2 2 0 0 0 4 0 0
789 1 0 0 0 0 0 1 0 0
793 1 0 0 0 0 0 1 0 0
794 1 0 0 0 0 0 1 0 0
795 1 0 0 0 0 0 1 0 0
797 1 0 0 1 0 0 0 0 0
799 6 0 0 0 0 0 1 0 0
800 3 0 0 1 0 0 0 0 0
808 3 1 1 1 0 0 0 0 0
814 6 0 0 5 0 0 0 0 0
fn=handle_preload_list
182 3 0 0 1 0 0 0 0 0
852 11 1 1 1 1 1 6 0 0
853 2 0 0 0 0 0 0 0 0
857 7 1 1 2 0 0 0 0 0
860 4 1 1 0 0 0 1 0 0
861 3 1 1 0 0 0 0 0 0
863 4 0 0 0 0 0 1 0 0
864 2 0 0 0 0 0 1 0 0
870 1 0 0 0 0 0 0 0 0
872 2 0 0 1 0 0 0 0 0
874 2 0 0 1 0 0 0 0 0
875 5 0 0 0 0 0 1 0 0
878 9 0 0 7 0 0 0 0 0
fn=init_tls
734 4 1 1 0 0 0 2 0 0
736 2 1 1 1 0 0 1 0 0
740 2 0 0 1 0 0 0 0 0
746 2 0 0 0 0 0 1 0 0
749 1 0 0 0 0 0 1 0 0
750 1 0 0 0 0 0 0 0 0
751 1 0 0 0 0 0 0 0 0
756 1 0 0 0 0 0 1 0 0
759 2 0 0 0 0 0 1 0 0
762 1 1 1 0 0 0 1 0 0
769 2 0 0 0 0 0 1 0 0
770 2 0 0 0 0 0 0 0 0
776 2 0 0 1 0 0 1 0 0
780 1 1 1 0 0 0 1 0 0
782 1 0 0 1 0 0 0 0 0
783 4 0 0 3 0 0 0 0 0
fn=map_doit
641 6 1 1 0 0 0 2 0 0
643 4 0 0 1 0 0 0 0 0
644 6 0 0 2 0 0 2 0 0
646 3 0 0 3 0 0 0 0 0
fn=version_check_doit
674 6 1 1 0 0 0 2 0 0
676 6 1 1 2 0 0 1 0 0
680 3 0 0 3 0 0 0 0 0
fl=/usr/src/debug/glibc/glibc/io/../sysdeps/unix/sysv/linux/access.c
fn=access
25 1 1 1 0 0 0 0 0 0
27 7 0 0 0 0 0 1 0 0
31 1 0 0 1 0 0 0 0 0
fl=/usr/src/debug/glibc/glibc/io/../sysdeps/unix/sysv/linux/close_nocancel.c
fn=__GI___close_nocancel
25 3 1 1 0 0 0 0 0 0
26 12 0 0 0 0 0 0 0 0
27 3 0 0 3 0 0 0 0 0
fl=/usr/src/debug/glibc/glibc/io/../sysdeps/unix/sysv/linux/fstat64.c
fn=fstat
30 4 2 2 0 0 0 0 0 0
39 16 0 0 0 0 0 0 0 0
72 4 0 0 4 0 0 0 0 0
fl=/usr/src/debug/glibc/glibc/io/../sysdeps/unix/sysv/linux/open64_nocancel.c
fn=__open_nocancel
28 15 1 1 0 0 0 6 1 1
31 21 0 0 0 0 0 0 0 0
39 21 0 0 0 0 0 0 0 0
41 6 0 0 6 0 0 0 0 0
fl=/usr/src/debug/glibc/glibc/io/../sysdeps/unix/sysv/linux/pread64_nocancel.c
fn=__pread64_nocancel
25 4 1 1 0 0 0 0 0 0
26 8 0 0 0 0 0 0 0 0
27 2 0 0 2 0 0 0 0 0
fl=/usr/src/debug/glibc/glibc/io/../sysdeps/unix/sysv/linux/read_nocancel.c
fn=__read_nocancel
25 2 1 1 0 0 0 0 0 0
26 8 0 0 0 0 0 0 0 0
27 2 0 0 2 0 0 0 0 0
fl=/usr/src/debug/glibc/glibc/io/../sysdeps/unix/sysv/linux/write.c
fn=write
25 3 1 1 0 0 0 1 0 0
26 7 0 0 0 0 0 2 0 0
27 2 0 0 2 0 0 0 0 0
fl=/usr/src/debug/glibc/glibc/libio/filedoalloc.c
fn=_IO_file_doallocate
68 9 1 1 1 0 0 4 0 0
73 3 0 0 0 0 0 0 0 0
74 9 1 1 3 1 0 1 0 0
76 4 1 1 1 0 0 0 0 0
87 2 0 0 1 0 0 0 0 0
91 2 0 0 1 1 0 1 0 0
92 2 0 0 0 0 0 0 0 0
94 5 1 1 0 0 0 1 0 0
95 1 0 0 0 0 0 0 0 0
96 8 0 0 6 0 0 0 0 0
fl=/usr/src/debug/glibc/glibc/libio/fileops.c
fn=_IO_do_write@@GLIBC_2.2.5
458 5 2 2 0 0 0 1 0 0
460 11 0 0 1 0 0 2 0 0
461 3 0 0 3 0 0 0 0 0
fn=_IO_file_overflow@@GLIBC_2.2.5
766 12 2 2 0 0 0 4 0 0
767 6 0 0 2 0 0 0 0 0
774 8 0 0 2 0 0 0 0 0
777 2 1 1 0 0 0 0 0 0
779 2 1 1 0 0 0 2 0 0
780 7 1 1 2 0 0 2 0 0
789 3 0 0 1 0 0 0 0 0
798 3 1 1 1 0 0 0 0 0
800 1 0 0 0 0 0 1 0 0
801 1 0 0 0 0 0 1 0 0
802 1 0 0 0 0 0 1 0 0
803 3 0 0 1 0 0 2 0 0
805 3 0 0 0 0 0 1 0 0
806 5 0 0 1 0 0 0 0 0
809 4 0 0 0 0 0 0 0 0
810 2 0 0 0 0 0 0 0 0
811 7 1 1 3 0 0 0 0 0
822 4 0 0 4 0 0 0 0 0
fn=_IO_file_setbuf@@GLIBC_2.2.5
416 6 1 1 0 0 0 2 0 0
417 3 1 1 0 0 0 1 0 0
420 1 0 0 1 0 0 0 0 0
422 3 0 0 0 0 0 3 0 0
424 2 0 0 0 0 0 0 0 0
425 3 0 0 3 0 0 0 0 0
fn=_IO_file_stat
1207 1 1 1 0 0 0 0 0 0
1208 2 0 0 1 0 0 0 0 0
fn=_IO_file_sync@@GLIBC_2.2.5
827 6 1 1 0 0 0 2 0 0
832 4 0 0 2 0 0 0 0 0
834 2 1 1 2 0 0 0 0 0
835 2 0 0 1 0 0 0 0 0
840 2 0 0 0 0 0 0 0 0
851 1 1 1 0 0 0 1 0 0
854 1 0 0 0 0 0 0 0 0
855 3 0 0 3 0 0 0 0 0
fn=_IO_file_write@@GLIBC_2.2.5
1234 6 1 1 0 0 0 2 0 0
1235 4 0 0 0 0 0 1 0 0
1236 7 1 1 0 0 0 2 0 0
1240 3 0 0 1 0 0 0 0 0
1241 3 1 1 1 0 0 1 0 0
1242 2 0 0 0 0 0 0 0 0
1247 1 0 0 1 0 0 0 0 0
1248 1 0 0 0 0 0 0 0 0
1249 1 0 0 0 0 0 0 0 0
1251 5 0 0 3 0 0 0 0 0
1252 3 0 0 1 0 0 0 0 0
1255 3 0 0 3 0 0 0 0 0
fn=_IO_file_xsputn@@GLIBC_2.2.5
1259 6 1 1 0 0 0 2 0 0
1261 1 1 1 0 0 0 0 0 0
1265 4 0 0 0 0 0 1 0 0
1272 6 1 1 1 0 0 1 0 0
1274 1 0 0 1 0 0 0 0 0
1289 3 0 0 1 0 0 0 0 0
1305 7 1 1 3 0 0 1 0 0
1311 2 1 1 2 0 0 0 0 0
1312 5 1 1 0 0 0 0 0 0
1314 3 0 0 0 0 0 0 0 0
1325 2 0 0 0 0 0 0 0 0
1326 5 1 1 0 0 0 2 0 0
1328 5 0 0 3 0 0 0 0 0
1329 3 0 0 3 0 0 0 0 0
fn=new_do_write
466 8 1 1 0 0 0 3 0 0
468 2 1 1 1 0 0 0 0 0
475 4 1 1 2 0 0 0 0 0
483 6 0 0 2 0 0 1 0 0
484 5 1 1 1 0 0 0 0 0
486 3 0 0 1 0 0 2 0 0
487 2 0 0 0 0 0 1 0 0
488 1 0 0 0 0 0 1 0 0
489 3 1 1 1 0 0 0 0 0
490 5 0 0 2 0 0 0 0 0
492 6 0 0 4 0 0 0 0 0
fl=/usr/src/debug/glibc/glibc/libio/genops.c
fn=_IO_cleanup
810 5 0 0 0 0 0 3 0 0
811 8 2 2 3 0 0 2 0 0
814 13 1 1 4 0 0 1 0 0
818 3 1 1 0 0 0 3 0 0
819 37 2 2 16 0 0 6 0 0
827 6 1 1 3 0 0 0 0 0
829 9 1 1 3 0 0 0 0 0
832 9 0 0 3 0 0 0 0 0
834 6 0 0 2 0 0 0 0 0
836 4 1 1 1 0 0 0 0 0
838 2 0 0 0 0 0 1 0 0
840 3 0 0 2 0 0 1 0 0
841 1 0 0 0 0 0 1 0 0
845 5 0 0 2 0 0 1 0 0
847 3 0 0 1 0 0 0 0 0
854 3 0 0 0 0 0 3 0 0
856 38 1 1 13 0 0 6 0 0
857 3 0 0 0 0 0 3 0 0
861 8 1 1 2 0 0 2 0 0
862 2 0 0 0 0 0 1 0 0
882 9 2 2 1 0 0 4 0 0
883 2 0 0 0 0 0 1 0 0
895 8 0 0 6 0 0 0 0 0
fn=_IO_default_setbuf
356 5 0 0 1 0 0 0 0 0
358 1 0 0 0 0 0 1 0 0
359 2 0 0 0 0 0 2 0 0
363 1 0 0 0 0 0 0 0 0
478 10 1 1 0 0 0 4 0 0
479 5 0 0 2 0 0 1 0 0
481 4 0 0 0 0 0 0 0 0
483 3 1 1 1 0 0 1 0 0
484 2 1 1 0 0 0 0 0 0
488 1 0 0 0 0 0 0 0 0
492 4 0 0 0 0 0 3 0 0
493 1 0 0 0 0 0 0 0 0
494 6 0 0 5 0 0 0 0 0
fn=_IO_default_xsputn
397 5 1 1 0 0 0 2 0 0
399 5 0 0 0 0 0 2 0 0
400 3 0 0 0 0 0 1 0 0
401 1 0 0 1 0 0 0 0 0
405 4 1 1 2 0 0 0 0 0
407 1 0 0 0 0 0 0 0 0
408 2 0 0 0 0 0 0 0 0
410 2 0 0 0 0 0 0 0 0
412 4 0 0 1 1 0 2 0 0
413 7 1 1 5 0 0 0 0 0
423 1 0 0 0 0 0 0 0 0
425 2 0 0 0 0 0 0 0 0
430 2 0 0 2 0 0 0 0 0
fn=_IO_doallocbuf
369 4 1 1 0 0 0 1 0 0
370 2 0 0 1 0 0 0 0 0
372 4 1 1 1 0 0 0 0 0
373 6 1 1 2 1 0 2 0 0
376 2 0 0 2 0 0 0 0 0
fn=_IO_flush_all
713 9 1 1 1 0 0 4 0 0
714 2 0 0 0 0 0 0 0 0
718 5 0 0 0 0 0 3 0 0
719 8 2 2 3 1 1 2 0 0
722 13 1 1 4 1 0 1 0 0
724 3 1 1 0 0 0 3 0 0
725 37 3 3 16 5 1 6 0 0
727 18 1 1 9 4 2 0 0 0
732 4 0 0 2 0 0 1 0 0
733 3 0 0 0 0 0 0 0 0
734 9 0 0 3 0 0 0 0 0
735 15 0 0 7 0 0 0 0 0
742 36 1 1 15 0 0 6 0 0
743 3 0 0 0 0 0 3 0 0
747 8 1 1 2 0 0 2 0 0
748 2 0 0 0 0 0 1 0 0
752 8 0 0 6 0 0 0 0 0
fn=_IO_setb
355 5 1 1 0 0 0 1 0 0
356 4 0 0 2 0 0 0 0 0
358 1 0 0 0 0 0 1 0 0
359 1 0 0 0 0 0 1 0 0
361 6 0 0 0 0 0 1 0 0
364 2 0 0 2 0 0 0 0 0
fl=/usr/src/debug/glibc/glibc/libio/libioP.h
fn=_IO_cleanup
1037 4 0 0 0 0 0 0 0 0
1038 2 1 1 0 0 0 0 0 0
fn=_IO_default_setbuf
1037 3 0 0 0 0 0 0 0 0
1038 2 1 1 0 0 0 0 0 0
fn=_IO_default_xsputn
1037 4 1 1 0 0 0 2 0 0
fn=_IO_doallocbuf
1037 3 0 0 0 0 0 0 0 0
1038 2 0 0 0 0 0 0 0 0
fn=_IO_file_doallocate
1037 3 0 0 0 0 0 0 0 0
1038 2 0 0 0 0 0 0 0 0
fn=_IO_file_xsputn@@GLIBC_2.2.5
1037 3 0 0 0 0 0 0 0 0
1038 3 0 0 0 0 0 1 0 0
fn=_IO_flush_all
1037 4 0 0 0 0 0 0 0 0
1038 2 1 1 0 0 0 0 0 0
fn=new_do_write
1037 3 0 0 0 0 0 0 0 0
1038 2 0 0 0 0 0 0 0 0
fl=/usr/src/debug/glibc/glibc/libio/stdfiles.c
fn=_IO_stdfiles_init
64 1 1 1 0 0 0 0 0 0
66 3 0 0 1 1 0 0 0 0
67 8 0 0 0 0 0 0 0 0
68 6 0 0 3 2 0 0 0 0
69 3 0 0 0 0 0 3 1 0
70 1 0 0 1 0 0 0 0 0
fl=/usr/src/debug/glibc/glibc/libio/vtables.c
fn=check_stdfiles_vtables
545 1 1 1 0 0 0 0 0 0
546 4 0 0 2 2 0 0 0 0
547 3 1 1 2 1 0 0 0 0
548 3 0 0 2 1 0 0 0 0
550 1 0 0 1 0 0 0 0 0
fl=/usr/src/debug/glibc/glibc/malloc/../sysdeps/unix/sysv/linux/not-cancel.h
fn=__ptmalloc_init
96 7 1 1 1 0 0 1 0 0
fl=/usr/src/debug/glibc/glibc/malloc/arena.c
fn=__libc_malloc2
151 2 1 1 0 0 0 0 0 0
fn=__ptmalloc_init
251 5 1 1 0 0 0 2 0 0
275 2 0 0 1 0 0 0 0 0
288 4 0 0 1 1 0 1 0 0
292 4 0 0 1 0 0 1 0 0
293 4 1 1 1 0 0 1 0 0
294 4 0 0 1 0 0 1 0 0
295 4 0 0 1 0 0 1 0 0
296 4 1 1 1 0 0 1 0 0
297 4 0 0 1 0 0 1 0 0
298 4 0 0 1 0 0 1 0 0
300 4 1 1 1 0 0 1 0 0
301 4 0 0 1 0 0 1 0 0
302 4 0 0 1 0 0 1 0 0
305 4 0 0 1 0 0 1 0 0
307 4 0 0 1 1 1 0 0 0
317 6 0 0 5 0 0 0 0 0
fn=free
151 9 0 0 0 0 0 0 0 0
fl=/usr/src/debug/glibc/glibc/malloc/malloc.c
fn=__libc_malloc2
3247 20 1 1 0 0 0 8 0 0
3251 8 0 0 4 1 0 0 0 0
3253 12 1 1 0 0 0 4 0 0
3254 20 0 0 4 0 0 0 0 0
3279 12 1 1 12 0 0 0 0 0
fn=__ptmalloc_init
1853 383 0 0 0 0 0 0 0 0
1856 254 1 1 0 0 0 254 33 32
1864 2 0 0 0 0 0 1 0 0
2960 2 0 0 0 0 0 0 0 0
2974 3 3 3 1 1 1 0 0 0
2975 1 1 1 0 0 0 1 0 0
2976 5 0 0 0 0 0 0 0 0
fn=_int_free_chunk
4351 12 1 1 0 0 0 6 0 0
4356 9 0 0 3 0 0 0 0 0
4359 6 0 0 6 0 0 0 0 0
4373 6 0 0 3 0 0 3 0 0
4386 9 1 1 3 0 0 0 0 0
4388 12 1 1 3 0 0 0 0 0
4390 6 0 0 0 0 0 3 0 0
4391 6 0 0 0 0 0 3 0 0
4392 6 0 0 0 0 0 0 0 0
4396 6 0 0 0 0 0 3 0 0
4400 9 0 0 9 0 0 0 0 0
fn=_int_malloc
1288 16 0 0 0 0 0 0 0 0
1888 12 0 0 4 0 0 0 0 0
3790 28 0 0 0 0 0 12 0 0
3822 8 1 1 0 0 0 0 0 0
3831 8 0 0 0 0 0 0 0 0
3847 8 1 1 0 0 0 0 0 0
3876 16 1 1 0 0 0 0 0 0
3901 86 3 3 0 0 0 4 0 0
3918 16 0 0 4 0 0 4 0 0
3919 12 1 1 0 0 0 0 0 0
3930 20 0 0 4 1 0 0 0 0
4122 8 0 0 0 0 0 0 0 0
4124 20 2 2 4 0 0 0 0 0
4127 12 0 0 4 1 0 0 0 0
4195 8 1 1 4 0 0 0 0 0
4196 8 0 0 0 0 0 0 0 0
4197 8 0 0 0 0 0 0 0 0
4198 8 0 0 4 1 0 0 0 0
4199 12 0 0 0 0 0 0 0 0
4204 16 0 0 0 0 0 0 0 0
4208 12 1 1 0 0 0 0 0 0
4308 4 0 0 4 0 0 0 0 0
4309 8 0 0 4 0 0 0 0 0
4311 8 0 0 4 0 0 0 0 0
4314 12 1 1 0 0 0 0 0 0
4334 12 1 1 0 0 0 8 0 0
4335 8 1 1 0 0 0 0 0 0
4340 16 1 1 16 0 0 0 0 0
fn=free
3319 3 1 1 0 0 0 0 0 0
3322 6 0 0 0 0 0 0 0 0
3330 3 1 1 0 0 0 0 0 0
3333 9 0 0 3 3 0 0 0 0
3337 6 0 0 0 0 0 0 0 0
3341 9 0 0 3 0 0 0 0 0
3370 6 0 0 0 0 0 0 0 0
3374 9 1 1 0 0 0 0 0 0
fn=malloc
1269 8 0 0 0 0 0 0 0 0
1288 16 0 0 0 0 0 0 0 0
3283 4 1 1 0 0 0 0 0 0
3287 12 1 1 4 2 1 0 0 0
3306 4 1 1 0 0 0 0 0 0
fn=munmap_chunk
1426 6 0 0 3 0 0 0 0 0
1433 6 1 1 0 0 0 0 0 0
1440 9 0 0 0 0 0 0 0 0
2799 6 1 1 0 0 0 3 0 0
2800 3 0 0 3 0 0 0 0 0
2802 9 0 0 3 0 0 0 0 0
2804 3 0 0 0 0 0 0 0 0
2812 15 0 0 3 0 0 0 0 0
2813 15 0 0 0 0 0 0 0 0
2816 3 1 1 6 0 0 0 0 0
2817 9 0 0 6 0 0 0 0 0
2822 6 0 0 0 0 0 0 0 0
2823 3 0 0 3 0 0 0 0 0
fn=sysmalloc
1912 4 0 0 2 0 0 0 0 0
2304 32 1 1 0 0 0 16 0 0
2324 8 0 0 8 1 0 0 0 0
2325 1 0 0 0 0 0 1 0 0
2335 8 0 0 0 0 0 0 0 0
2336 10 1 1 4 1 0 2 0 0
2337 9 1 1 6 0 0 0 0 0
2340 12 0 0 3 0 0 0 0 0
2348 12 0 0 0 0 0 3 0 0
2349 6 0 0 0 0 0 0 0 0
2360 1 0 0 1 0 0 0 0 0
2361 3 0 0 1 0 0 0 0 0
2362 1 0 0 0 0 0 0 0 0
2371 5 0 0 0 0 0 0 0 0
2380 3 1 1 0 0 0 0 0 0
2441 2 1 1 1 0 0 0 0 0
2450 4 0 0 1 0 0 0 0 0
2460 2 0 0 1 0 0 0 0 0
2467 5 1 1 0 0 0 0 0 0
2475 2 0 0 0 0 0 0 0 0
2477 4 1 1 0 0 0 2 0 0
2478 4 0 0 2 0 0 0 0 0
2480 1 1 1 0 0 0 0 0 0
2483 2 0 0 0 0 0 0 0 0
2504 1 1 1 0 0 0 1 0 0
2521 2 1 1 1 0 0 0 0 0
2522 2 1 1 0 0 0 1 0 0
2523 3 0 0 1 0 0 1 0 0
2529 5 0 0 0 0 0 0 0 0
2532 4 2 2 0 0 0 0 0 0
2559 2 1 1 1 0 0 0 0 0
2560 1 0 0 0 0 0 1 0 0
2572 5 1 1 0 0 0 0 0 0
2594 2 0 0 0 0 0 0 0 0
2595 4 0 0 0 0 0 0 0 0
2597 3 1 1 0 0 0 1 0 0
2598 3 0 0 0 0 0 1 0 0
2610 3 0 0 1 0 0 0 0 0
2613 1 1 1 1 0 0 0 0 0
2652 1 0 0 0 0 0 1 0 0
2653 4 1 1 0 0 0 1 1 1
2654 1 0 0 1 0 0 0 0 0
2665 2 0 0 0 0 0 0 0 0
2698 3 1 1 2 0 0 0 0 0
2699 1 0 0 0 0 0 1 0 0
2703 3 1 1 0 0 0 1 0 0
2704 2 0 0 1 0 0 0 0 0
2707 2 0 0 1 0 0 0 0 0
2709 1 0 0 0 0 0 0 0 0
2710 1 0 0 0 0 0 0 0 0
2711 1 0 0 0 0 0 1 0 0
2712 8 0 0 0 0 0 1 0 0
2713 2 0 0 0 0 0 1 1 1
2715 3 0 0 2 0 0 0 0 0
2721 20 1 1 20 0 0 0 0 0
fn=sysmalloc_mmap
1448 9 1 1 0 0 0 3 3 3
1449 9 1 1 0 0 0 3 0 0
1912 6 1 1 3 0 0 0 0 0
2244 21 2 2 0 0 0 12 0 0
2246 9 0 0 0 0 0 0 0 0
2248 27 0 0 0 0 0 3 0 0
2251 6 0 0 0 0 0 0 0 0
2253 6 0 0 0 0 0 0 0 0
2256 12 1 1 0 0 0 3 0 0
2261 12 0 0 6 0 0 0 0 0
2262 15 0 0 6 0 0 0 0 0
2265 9 0 0 6 0 0 0 0 0
2266 15 0 0 6 0 0 0 0 0
2270 3 0 0 0 0 0 0 0 0
2271 21 0 0 15 0 0 0 0 0
fl=/usr/src/debug/glibc/glibc/malloc/morecore.c
fn=__glibc_morecore
25 6 0 0 0 0 0 2 0 0
26 4 0 0 2 1 0 0 0 0
27 6 0 0 0 0 0 0 0 0
29 2 0 0 0 0 0 2 0 0
34 4 0 0 4 0 0 0 0 0
fl=/usr/src/debug/glibc/glibc/malloc/scratch_buffer_set_array_size.c
fn=__libc_scratch_buffer_set_array_size
30 24 1 1 0 0 0 6 0 0
34 2 0 0 0 0 0 0 0 0
35 4 0 0 0 0 0 0 0 0
45 4 0 0 2 0 0 0 0 0
46 2 0 0 0 0 0 0 0 0
63 8 1 1 8 0 0 0 0 0
fl=/usr/src/debug/glibc/glibc/misc/../sysdeps/unix/syscall-template.S
fn=mprotect
117 20 1 1 0 0 0 0 0 0
122 4 0 0 4 0 0 0 0 0
fn=munmap
117 20 1 1 0 0 0 0 0 0
122 4 0 0 4 0 0 0 0 0
fl=/usr/src/debug/glibc/glibc/misc/../sysdeps/unix/sysv/linux/brk.c
fn=brk
36 2 1 1 0 0 0 0 0 0
37 4 1 1 2 0 0 2 0 0
38 4 0 0 0 0 0 0 0 0
44 2 0 0 0 0 0 0 0 0
45 2 0 0 2 0 0 0 0 0
fl=/usr/src/debug/glibc/glibc/misc/../sysdeps/unix/sysv/linux/brk_call.h
fn=brk
24 4 0 0 0 0 0 0 0 0
fl=/usr/src/debug/glibc/glibc/misc/../sysdeps/unix/sysv/linux/mmap64.c
fn=mmap
47 105 3 3 0 0 0 45 1 1
50 30 0 0 0 0 0 0 0 0
53 74 3 3 2 0 0 0 0 0
58 90 0 0 0 0 0 0 0 0
60 60 0 0 60 0 0 0 0 0
fl=/usr/src/debug/glibc/glibc/misc/../sysdeps/unix/sysv/linux/setvmaname.c
fn=__is_decorate_maps_enabled
33 18 3 3 0 0 0 4 0 0
34 28 0 0 9 1 0 3 0 0
37 14 1 1 3 0 0 2 1 1
42 2 0 0 0 0 0 2 0 0
43 6 0 0 0 0 0 0 0 0
50 19 0 0 16 0 0 0 0 0
fn=__set_vma_name
60 50 2 2 0 0 0 20 0 0
61 15 0 0 0 0 0 5 0 0
70 30 2 2 25 0 0 0 0 0
fl=/usr/src/debug/glibc/glibc/misc/init-misc.c
fn=__init_misc
30 5 1 1 0 0 0 2 0 0
31 5 1 1 1 0 0 0 0 0
33 4 0 0 0 0 0 2 0 0
37 6 0 0 2 0 0 1 1 0
38 4 1 1 3 0 0 1 0 0
40 2 0 0 2 0 0 0 0 0
fl=/usr/src/debug/glibc/glibc/misc/sbrk.c
fn=sbrk
37 10 1 1 0 0 0 2 0 0
40 4 1 1 4 2 1 0 0 0
43 4 0 0 2 1 0 0 0 0
50 4 0 0 1 0 0 0 0 0
58 4 0 0 0 0 0 0 0 0
59 4 0 0 0 0 0 1 0 0
62 4 0 0 0 0 0 0 0 0
65 4 1 1 3 0 0 0 0 0
66 4 0 0 0 0 0 1 0 0
67 1 0 0 0 0 0 0 0 0
74 1 0 0 0 0 0 1 0 0
78 7 1 1 4 0 0 1 0 0
fl=/usr/src/debug/glibc/glibc/nptl/alloca_cutoff.c
fn=__libc_alloca_cutoff
27 1 1 1 0 0 0 0 0 0
28 9 0 0 1 1 0 0 0 0
35 1 0 0 1 0 0 0 0 0
fl=/usr/src/debug/glibc/glibc/nptl/cancellation.c
fn=__internal_syscall_cancel
30 5 1 1 0 0 0 1 0 0
37 2 0 0 2 0 0 0 0 0
38 2 1 1 1 0 0 0 0 0
40 2 0 0 1 0 0 0 0 0
64 2 0 0 2 0 0 0 0 0
fn=__syscall_cancel
74 3 1 1 0 0 0 1 0 0
75 3 1 1 1 0 0 2 0 0
79 4 0 0 2 0 0 0 0 0
80 2 0 0 2 0 0 0 0 0
fl=/usr/src/debug/glibc/glibc/nptl/libc-cleanup.c
fn=__libc_cleanup_pop_restore
54 2 0 0 0 0 0 0 0 0
55 2 0 0 2 0 0 0 0 0
57 4 0 0 2 0 0 2 0 0
59 4 1 1 2 0 0 0 0 0
60 6 0 0 2 0 0 0 0 0
71 2 0 0 2 0 0 0 0 0
fn=__libc_cleanup_push_defer
24 2 1 1 0 0 0 0 0 0
25 2 0 0 2 0 0 0 0 0
27 4 0 0 2 0 0 2 0 0
29 4 0 0 2 1 0 0 0 0
32 4 0 0 0 0 0 0 0 0
46 6 1 1 0 0 0 2 0 0
48 2 0 0 0 0 0 2 0 0
49 2 0 0 2 0 0 0 0 0
fl=/usr/src/debug/glibc/glibc/nptl/pthread_mutex_conf.c
fn=__pthread_tunables_init
55 4 1 1 0 0 0 1 0 0
56 6 1 1 2 0 0 2 0 0
58 4 0 0 1 0 0 1 0 0
60 4 0 0 1 0 0 1 0 0
62 5 1 1 4 0 0 0 0 0
fl=/usr/src/debug/glibc/glibc/nptl/pthread_mutex_lock.c
fn=pthread_mutex_lock@@GLIBC_2.2.5
44 1 1 1 1 0 0 0 0 0
45 7 0 0 2 0 0 0 0 0
46 3 0 0 0 0 0 1 0 0
71 4 1 1 0 0 0 1 0 0
74 1 0 0 1 0 0 0 0 0
76 1 0 0 0 0 0 0 0 0
78 3 0 0 0 0 0 0 0 0
81 1 0 0 1 1 0 0 0 0
83 2 0 0 0 0 0 0 0 0
90 2 1 1 0 0 0 0 0 0
95 2 0 0 1 0 0 0 0 0
104 1 0 0 0 0 0 0 0 0
110 3 0 0 1 0 0 0 0 0
111 2 1 1 0 0 0 1 0 0
158 1 1 1 0 0 0 1 0 0
160 1 0 0 1 0 0 0 0 0
163 1 0 0 0 0 0 0 0 0
166 2 0 0 2 0 0 0 0 0
fl=/usr/src/debug/glibc/glibc/nptl/pthread_mutex_unlock.c
fn=__pthread_mutex_unlock_usercnt
39 1 0 0 1 0 0 0 0 0
40 4 0 0 1 0 0 0 0 0
41 1 0 0 0 0 0 1 0 0
48 4 2 2 0 0 0 1 0 0
51 1 0 0 1 0 0 0 0 0
52 2 0 0 0 0 0 0 0 0
55 2 0 0 0 0 0 0 0 0
60 1 0 0 0 0 0 1 0 0
61 2 0 0 0 0 0 0 0 0
63 2 0 0 1 0 0 0 0 0
68 1 0 0 0 0 0 0 0 0
70 1 0 0 0 0 0 0 0 0
72 2 1 1 0 0 0 0 0 0
75 3 0 0 2 0 0 0 0 0
78 2 0 0 1 0 0 0 0 0
94 2 0 0 2 0 0 0 0 0
fn=pthread_mutex_unlock@@GLIBC_2.2.5
357 1 1 1 0 0 0 0 0 0
358 2 0 0 0 0 0 0 0 0
fl=/usr/src/debug/glibc/glibc/posix/../malloc/dynarray-skeleton.c
fn=__unregister_atfork
243 2 0 0 2 1 1 0 0 0
fl=/usr/src/debug/glibc/glibc/posix/../sysdeps/unix/sysv/linux/_exit.c
fn=_Exit
27 3 1 1 1 0 0 0 0 0
30 2 1 1 0 0 0 0 0 0
fl=/usr/src/debug/glibc/glibc/posix/register-atfork.c
fn=__unregister_atfork
71 4 0 0 0 0 0 0 0 0
82 10 1 1 0 0 0 2 0 0
83 8 0 0 2 1 1 0 0 0
109 8 1 1 4 0 0 0 0 0
110 4 0 0 4 0 0 0 0 0
fl=/usr/src/debug/glibc/glibc/resource/../sysdeps/unix/sysv/linux/getrlimit64.c
fn=getrlimit
38 2 1 1 0 0 0 0 0 0
39 7 0 0 0 0 0 0 0 0
40 1 0 0 1 0 0 0 0 0
fl=/usr/src/debug/glibc/glibc/setjmp/../sysdeps/x86_64/bsd-_setjmp.S
fn=_setjmp
28 1 1 1 0 0 0 0 0 0
30 1 0 0 0 0 0 0 0 0
32 1 0 0 0 0 0 0 0 0
fl=/usr/src/debug/glibc/glibc/setjmp/../sysdeps/x86_64/setjmp.S
fn=__sigsetjmp
31 4 2 2 0 0 0 0 0 0
33 4 0 0 0 0 0 4 1 1
42 4 0 0 0 0 0 0 0 0
43 8 1 1 4 0 0 0 0 0
44 4 0 0 0 0 0 4 0 0
48 4 0 0 0 0 0 4 0 0
49 4 0 0 0 0 0 4 0 0
50 4 0 0 0 0 0 4 1 1
51 4 0 0 0 0 0 4 0 0
52 4 0 0 0 0 0 0 0 0
54 8 1 1 4 0 0 0 0 0
56 4 0 0 0 0 0 4 0 0
57 4 0 0 4 0 0 0 0 0
58 4 0 0 0 0 0 0 0 0
60 8 0 0 4 0 0 0 0 0
62 4 1 1 0 0 0 4 0 0
67 1 0 0 1 1 0 0 0 0
68 1 0 0 0 0 0 0 0 0
70 3 0 0 0 0 0 0 0 0
73 3 0 0 0 0 0 0 0 0
74 3 0 0 0 0 0 3 1 1
81 3 0 0 0 0 0 0 0 0
82 3 0 0 3 0 0 0 0 0
85 1 1 1 0 0 0 0 0 0
fl=/usr/src/debug/glibc/glibc/setjmp/sigjmp.c
fn=__sigjmp_save
28 1 0 0 0 0 0 0 0 0
29 1 0 0 0 0 0 1 0 0
30 2 0 0 0 0 0 0 0 0
34 2 0 0 1 0 0 0 0 0
fl=/usr/src/debug/glibc/glibc/stdio-common/../include/../locale/localeinfo.h
fn=__printf_fp_l_buffer
330 3 1 1 3 2 0 0 0 0
fl=/usr/src/debug/glibc/glibc/stdio-common/../include/printf_buffer.h
fn=__printf_buffer
163 8 2 2 0 0 0 0 0 0
fn=__printf_buffer_to_file_init
124 1 0 0 0 0 0 1 1 0
125 1 0 0 0 0 0 1 0 0
127 1 0 0 0 0 0 1 0 0
128 1 0 0 0 0 0 1 0 0
137 2 0 0 0 0 0 1 0 0
fn=__printf_fp_buffer_1.isra.0
163 10 0 0 2 0 0 0 0 0
fl=/usr/src/debug/glibc/glibc/stdio-common/../include/rounding-mode.h
fn=__printf_fp_buffer_1.isra.0
52 2 0 0 0 0 0 0 0 0
fl=/usr/src/debug/glibc/glibc/stdio-common/../libio/libioP.h
fn=__printf_buffer_flush_to_file
1037 3 0 0 0 0 0 0 0 0
1038 3 0 0 0 0 0 1 0 0
fl=/usr/src/debug/glibc/glibc/stdio-common/../string/bits/string_fortified.h
fn=__printf_buffer_write
29 27 0 0 9 1 0 9 0 0
fn=__printf_fp_buffer_1.isra.0
29 10 1 1 10 0 0 4 0 0
fl=/usr/src/debug/glibc/glibc/stdio-common/../sysdeps/generic/get-rounding-mode.h
fn=__printf_fp_buffer_1.isra.0
94 1 1 1 0 0 0 1 0 0
95 8 1 1 1 0 0 0 0 0
fl=/usr/src/debug/glibc/glibc/stdio-common/../sysdeps/pthread/allocalim.h
fn=__printf_fp_buffer_1.isra.0
27 2 0 0 0 0 0 1 0 0
29 5 0 0 0 0 0 1 0 0
fl=/usr/src/debug/glibc/glibc/stdio-common/Xprintf_buffer_done.c
fn=__printf_buffer_done
25 1 1 1 0 0 0 0 0 0
26 3 0 0 1 0 0 0 0 0
31 2 1 1 2 0 0 0 0 0
33 11 0 0 1 0 0 0 0 0
40 1 0 0 1 0 0 0 0 0
fl=/usr/src/debug/glibc/glibc/stdio-common/Xprintf_buffer_write.c
fn=__printf_buffer_write
27 54 1 1 0 0 0 18 1 0
28 27 0 0 9 0 0 0 0 0
31 54 0 0 0 0 0 9 0 0
33 72 2 2 18 0 0 18 0 0
35 27 1 1 27 0 0 0 0 0
36 9 0 0 0 0 0 0 0 0
37 18 0 0 0 0 0 0 0 0
40 27 0 0 9 0 0 9 0 0
41 9 0 0 0 0 0 0 0 0
44 27 0 0 27 0 0 0 0 0
fl=/usr/src/debug/glibc/glibc/stdio-common/_fitoa_word.c
fn=_itoa_word
24 4 1 1 0 0 0 0 0 0
25 8 0 0 0 0 0 0 0 0
29 10 0 0 0 0 0 0 0 0
38 67 2 2 5 1 1 5 0 0
47 4 0 0 2 0 0 0 0 0
fl=/usr/src/debug/glibc/glibc/stdio-common/printf-parse.h
fn=__printf_buffer
55 9 2 2 3 0 0 0 0 0
65 1 0 0 0 0 0 0 0 0
82 21 0 0 0 0 0 6 0 0
fl=/usr/src/debug/glibc/glibc/stdio-common/printf.c
fn=printf
28 23 3 3 1 0 0 15 1 0
32 6 0 0 0 0 0 4 0 0
33 6 1 1 2 2 0 1 0 0
37 5 0 0 4 0 0 0 0 0
fl=/usr/src/debug/glibc/glibc/stdio-common/printf_buffer_to_file.c
fn=__printf_buffer_flush_to_file
49 5 1 1 0 0 0 1 0 0
51 4 0 0 3 0 0 0 0 0
53 4 0 0 1 0 0 0 0 0
58 3 1 1 0 0 0 0 0 0
59 7 1 1 5 1 0 2 0 0
65 2 0 0 0 0 0 0 0 0
104 1 1 1 1 0 0 0 0 0
fn=__printf_buffer_to_file_done
117 4 0 0 0 0 0 1 0 0
118 3 0 0 1 0 0 0 0 0
120 2 0 0 0 0 0 2 0 0
121 2 0 0 1 0 0 0 0 0
122 1 0 0 1 0 0 0 0 0
fn=__printf_buffer_to_file_init
108 1 1 1 0 0 0 0 0 0
109 1 0 0 0 0 0 0 0 0
111 1 0 0 0 0 0 1 0 0
112 1 1 1 0 0 0 0 0 0
fn=__printf_buffer_to_file_switch
29 2 1 1 0 0 0 0 0 0
30 8 0 0 6 0 0 0 0 0
34 1 0 0 0 0 0 1 0 0
35 1 0 0 1 0 0 0 0 0
40 2 0 0 0 0 0 1 0 0
41 2 0 0 0 0 0 1 0 0
44 3 0 0 0 0 0 3 0 0
45 2 0 0 2 0 0 0 0 0
fl=/usr/src/debug/glibc/glibc/stdio-common/printf_fp.c
fn=__printf_fp_buffer_1.isra.0
138 16 2 2 1 0 0 12 3 0
159 8 1 1 1 0 0 1 0 0
177 1 0 0 0 0 0 1 1 0
187 1 0 0 0 0 0 1 0 0
221 2 0 0 0 0 0 0 0 0
222 1 0 0 0 0 0 1 0 0
226 4 1 1 2 0 0 0 0 0
230 17 2 2 3 2 2 1 1 0
234 1 0 0 0 0 0 0 0 0
266 5 1 1 1 0 0 0 0 0
267 1 0 0 0 0 0 0 0 0
268 1 0 0 0 0 0 0 0 0
271 18 1 1 1 0 0 1 0 0
272 17 2 2 1 0 0 1 0 0
273 17 1 1 1 1 1 1 0 0
279 1 0 0 0 0 0 1 0 0
280 2 0 0 0 0 0 0 0 0
283 1 1 1 0 0 0 0 0 0
294 1 0 0 0 0 0 0 0 0
297 3 0 0 0 0 0 0 0 0
301 4 1 1 0 0 0 0 0 0
305 3 0 0 0 0 0 1 1 1
306 2 0 0 0 0 0 0 0 0
308 6 2 2 0 0 0 0 0 0
309 9 0 0 2 0 0 0 0 0
310 2 0 0 0 0 0 0 0 0
311 5 1 1 1 0 0 2 0 0
313 2 1 1 0 0 0 0 0 0
318 13 1 1 0 0 0 0 0 0
322 64 1 1 25 5 5 0 0 0
324 11 0 0 1 0 0 0 0 0
327 3 0 0 2 0 0 0 0 0
336 4 0 0 4 0 0 0 0 0
337 4 0 0 4 0 0 0 0 0
338 4 0 0 4 1 1 0 0 0
368 1 0 0 0 0 0 1 0 0
369 2 0 0 0 0 0 0 0 0
375 9 0 0 3 0 0 3 0 0
376 6 0 0 0 0 0 1 0 0
380 6 0 0 6 0 0 0 0 0
381 6 0 0 0 0 0 0 0 0
382 9 1 1 0 0 0 3 0 0
385 34 2 2 13 0 0 4 0 0
388 10 0 0 4 0 0 3 0 0
389 24 1 1 9 0 0 0 0 0
390 15 0 0 0 0 0 0 0 0
391 12 0 0 3 0 0 0 0 0
394 12 0 0 0 0 0 0 0 0
396 26 0 0 0 0 0 0 0 0
397 2 0 0 1 0 0 1 0 0
403 3 1 1 1 0 0 0 0 0
407 20 2 2 5 0 0 0 0 0
411 6 0 0 1 0 0 0 0 0
413 2 0 0 0 0 0 0 0 0
427 2 0 0 0 0 0 0 0 0
429 1 0 0 0 0 0 0 0 0
430 1 0 0 1 0 0 0 0 0
434 6 0 0 0 0 0 0 0 0
439 1 0 0 0 0 0 0 0 0
442 2 0 0 0 0 0 0 0 0
452 4 2 2 0 0 0 0 0 0
470 5 0 0 0 0 0 1 0 0
471 1 0 0 0 0 0 0 0 0
473 2 0 0 1 0 0 0 0 0
474 6 1 1 2 0 0 1 0 0
477 2 0 0 0 0 0 1 0 0
478 5 0 0 3 0 0 0 0 0
665 3 1 1 2 0 0 1 0 0
674 6 0 0 4 1 1 1 0 0
676 2 0 0 0 0 0 0 0 0
680 2 0 0 1 0 0 1 0 0
686 2 0 0 1 0 0 0 0 0
688 1 1 1 0 0 0 1 0 0
689 3 0 0 1 0 0 0 0 0
692 4 0 0 2 0 0 0 0 0
694 8 2 2 2 0 0 3 0 0
696 2 0 0 0 0 0 1 0 0
701 1 1 1 1 0 0 0 0 0
738 4 1 1 1 0 0 0 0 0
746 3 0 0 1 0 0 1 0 0
759 16 2 2 2 0 0 1 0 0
760 3 0 0 1 0 0 1 0 0
763 2 0 0 0 0 0 0 0 0
766 49 3 3 5 0 0 0 0 0
769 36 0 0 0 0 0 24 0 0
771 1 0 0 0 0 0 0 0 0
773 6 0 0 3 0 0 0 0 0
775 3 0 0 1 0 0 1 0 0
787 1 0 0 0 0 0 0 0 0
788 2 1 1 1 0 0 1 0 0
789 3 0 0 0 0 0 0 0 0
790 9 0 0 1 0 0 0 0 0
792 2 0 0 0 0 0 0 0 0
793 6 0 0 0 0 0 4 0 0
794 2 1 1 0 0 0 0 0 0
795 2 0 0 0 0 0 0 0 0
796 8 0 0 0 0 0 0 0 0
805 3 0 0 2 0 0 0 0 0
806 4 1 1 0 0 0 2 0 0
808 7 0 0 1 0 0 0 0 0
810 6 0 0 3 0 0 0 0 0
924 3 0 0 0 0 0 0 0 0
931 2 1 1 0 0 0 0 0 0
935 3 1 1 1 0 0 0 0 0
980 6 2 2 3 0 0 0 0 0
983 2 0 0 0 0 0 1 0 0
987 5 1 1 1 0 0 0 0 0
988 1 0 0 1 0 0 0 0 0
991 2 0 0 1 0 0 0 0 0
994 2 1 1 0 0 0 0 0 0
996 8 0 0 2 0 0 0 0 0
1001 2 1 1 0 0 0 0 0 0
1003 2 0 0 0 0 0 0 0 0
1006 2 1 1 0 0 0 0 0 0
1009 3 0 0 1 0 0 0 0 0
1022 4 1 1 2 0 0 1 0 0
1024 3 1 1 2 0 0 0 0 0
1028 2 0 0 1 0 0 0 0 0
1030 11 1 1 9 0 0 0 0 0
fn=__printf_fp_l_buffer
1099 15 2 2 1 0 0 8 1 0
1102 3 0 0 1 0 0 0 0 0
1111 1 0 0 0 0 0 1 1 0
1112 2 1 1 0 0 0 1 0 0
1115 5 1 1 1 0 0 3 0 0
1116 5 0 0 2 1 1 0 0 0
1117 2 0 0 0 0 0 0 0 0
1122 7 1 1 3 0 0 1 0 0
1126 1 0 0 0 0 0 0 0 0
1147 11 1 1 9 0 0 0 0 0
fn=hack_digit
88 75 0 0 0 0 0 30 0 0
91 45 1 1 15 0 0 0 0 0
93 45 0 0 15 0 0 0 0 0
95 30 0 0 30 0 0 0 0 0
101 30 0 0 0 0 0 0 0 0
105 105 1 1 30 0 0 15 0 0
107 60 0 0 45 0 0 15 0 0
108 15 0 0 15 0 0 0 0 0
110 30 0 0 15 0 0 15 0 0
111 98 1 1 30 0 0 0 0 0
112 4 0 0 0 0 0 4 0 0
117 4 0 0 0 0 0 4 0 0
118 4 1 1 0 0 0 0 0 0
122 55 1 1 11 0 0 22 0 0
123 33 0 0 11 0 0 0 0 0
124 45 0 0 18 0 0 18 0 0
127 22 0 0 0 0 0 0 0 0
128 60 0 0 45 0 0 0 0 0
fl=/usr/src/debug/glibc/glibc/stdio-common/vfprintf-internal.c
fn=__printf_buffer
263 3 0 0 0 0 0 0 0 0
264 3 0 0 0 0 0 0 0 0
266 1 1 1 0 0 0 1 0 0
601 13 2 2 0 0 0 7 2 0
628 5 1 1 3 2 0 2 0 0
630 1 0 0 0 0 0 1 0 0
633 2 0 0 0 0 0 1 0 0
637 4 0 0 2 0 0 2 0 0
641 1 0 0 0 0 0 1 0 0
652 2 0 0 0 0 0 1 0 0
653 3 0 0 0 0 0 0 0 0
654 3 1 1 1 0 0 0 0 0
658 2 0 0 1 0 0 0 0 0
662 9 1 1 3 1 1 2 0 0
682 10 0 0 0 0 0 4 0 0
683 4 0 0 0 0 0 4 0 0
684 4 1 1 0 0 0 4 0 0
685 4 0 0 0 0 0 4 0 0
686 4 0 0 0 0 0 0 0 0
689 4 0 0 0 0 0 0 0 0
690 4 0 0 0 0 0 0 0 0
691 4 0 0 0 0 0 0 0 0
692 4 0 0 0 0 0 0 0 0
693 4 0 0 0 0 0 4 0 0
694 4 1 1 0 0 0 0 0 0
697 4 0 0 0 0 0 4 0 0
698 4 0 0 0 0 0 4 0 0
704 56 1 1 12 3 3 4 0 0
709 1 1 1 0 0 0 0 0 0
743 2 0 0 2 1 0 0 0 0
783 2 0 0 2 0 0 0 0 0
812 2 0 0 1 0 0 0 0 0
813 3 0 0 1 0 0 0 0 0
839 3 0 0 0 0 0 0 0 0
854 13 1 1 2 1 1 0 0 0
859 1 1 1 0 0 0 0 0 0
973 4 0 0 1 0 0 0 0 0
975 32 3 3 7 0 0 6 0 0
995 11 1 1 3 0 0 2 0 0
996 2 0 0 0 0 0 1 0 0
1000 1 0 0 0 0 0 0 0 0
1017 4 0 0 4 0 0 0 0 0
1023 8 1 1 4 0 0 0 0 0
1027 12 1 1 0 0 0 4 0 0
1028 8 0 0 0 0 0 0 0 0
1030 19 0 0 8 0 0 0 0 0
1043 9 1 1 8 0 0 0 0 0
fn=__vfprintf_internal
1526 14 1 1 1 0 0 6 0 0
1529 4 1 1 1 0 0 1 0 0
1533 5 1 1 1 1 1 0 0 0
1544 2 0 0 1 1 0 0 0 0
1547 3 1 1 0 0 0 1 0 0
1548 5 0 0 0 0 0 1 0 0
1549 3 1 1 0 0 0 1 0 0
1571 9 2 2 8 0 0 0 0 0
fl=/usr/src/debug/glibc/glibc/stdio-common/vfprintf-process-arg.c
fn=__printf_buffer
35 2 0 0 0 0 0 2 0 0
48 4 1 1 0 0 0 0 0 0
50 4 2 2 0 0 0 0 0 0
52 4 0 0 0 0 0 0 0 0
53 16 0 0 4 0 0 2 0 0
57 6 0 0 0 0 0 0 0 0
58 6 0 0 0 0 0 0 0 0
60 2 1 1 0 0 0 0 0 0
136 4 1 1 0 0 0 0 0 0
138 2 0 0 0 0 0 0 0 0
155 28 2 2 2 0 0 12 0 0
161 22 0 0 10 0 0 2 0 0
163 2 0 0 0 0 0 0 0 0
164 6 1 1 2 0 0 2 0 0
170 10 1 1 0 0 0 2 0 0
174 2 0 0 0 0 0 0 0 0
186 4 0 0 0 0 0 0 0 0
187 12 2 2 4 0 0 0 0 0
195 10 1 1 0 0 0 0 0 0
197 6 1 1 2 0 0 0 0 0
199 6 1 1 2 0 0 0 0 0
201 6 0 0 2 0 0 0 0 0
208 12 1 1 4 0 0 2 0 0
211 4 0 0 2 0 0 0 0 0
230 2 1 1 0 0 0 0 0 0
233 6 1 1 2 0 0 0 0 0
236 4 0 0 0 0 0 0 0 0
240 10 2 2 4 0 0 2 0 0
411 8 0 0 3 0 0 1 0 0
416 2 0 0 0 0 0 0 0 0
430 4 1 1 0 0 0 0 0 0
438 2 0 0 0 0 0 0 0 0
443 4 1 1 0 0 0 1 0 0
463 3 0 0 1 0 0 0 0 0
471 4 1 1 0 0 0 1 0 0
472 1 0 0 0 0 0 0 0 0
fl=/usr/src/debug/glibc/glibc/stdlib/../stdlib/strtol.c
fn=strtol
116 2 1 1 0 0 0 0 0 0
117 10 0 0 4 0 0 0 0 0
fl=/usr/src/debug/glibc/glibc/stdlib/../stdlib/strtol_l.c
fn=____strtol_l_internal
238 14 1 1 0 0 0 4 0 0
257 2 1 1 0 0 0 0 0 0
258 2 0 0 0 0 0 0 0 0
264 4 0 0 0 0 0 0 0 0
292 2 0 0 0 0 0 0 0 0
295 8 0 0 0 0 0 0 0 0
301 2 0 0 0 0 0 0 0 0
304 16 1 1 6 2 1 6 1 0
306 6 0 0 0 0 0 2 0 0
310 8 1 1 0 0 0 2 0 0
311 4 0 0 0 0 0 0 0 0
320 6 0 0 2 0 0 0 0 0
335 4 0 0 0 0 0 0 0 0
342 4 1 1 0 0 0 0 0 0
345 10 0 0 0 0 0 2 0 0
393 2 0 0 0 0 0 0 0 0
394 2 0 0 0 0 0 0 0 0
449 32 1 1 7 1 0 6 0 0
451 14 1 1 0 0 0 0 0 0
453 15 0 0 0 0 0 0 0 0
477 2 0 0 2 0 0 0 0 0
478 2 0 0 0 0 0 0 0 0
481 15 0 0 0 0 0 0 0 0
484 15 1 1 0 0 0 0 0 0
489 9 0 0 0 0 0 0 0 0
490 15 0 0 0 0 0 0 0 0
495 4 0 0 0 0 0 0 0 0
500 6 0 0 2 0 0 0 0 0
506 4 0 0 0 0 0 0 0 0
507 12 0 0 8 0 0 0 0 0
509 8 1 1 2 0 0 0 0 0
546 6 0 0 6 0 0 0 0 0
fl=/usr/src/debug/glibc/glibc/stdlib/../sysdeps/ieee754/dbl-64/dbl2mpn.c
fn=__mpn_extract_double
33 2 1 1 0 0 0 0 0 0
35 1 0 0 0 0 0 0 0 0
37 3 0 0 0 0 0 1 0 0
38 5 0 0 0 0 0 1 0 0
47 3 0 0 0 0 0 1 1 0
56 3 1 1 0 0 0 0 0 0
103 2 0 0 0 0 0 1 0 0
107 2 0 0 1 0 0 0 0 0
fl=/usr/src/debug/glibc/glibc/stdlib/../sysdeps/unix/sysv/linux/getrandom.c
fn=__getrandom_early_init
238 7 2 2 1 0 0 2 0 0
241 6 0 0 2 1 0 0 0 0
278 5 1 1 4 0 0 0 0 0
fl=/usr/src/debug/glibc/glibc/stdlib/../sysdeps/x86/gmp-arch.h
fn=__mpn_divrem
29 30 0 0 10 0 0 10 0 0
fl=/usr/src/debug/glibc/glibc/stdlib/../sysdeps/x86_64/lshift.S
fn=__mpn_lshift
28 1 1 1 0 0 0 0 0 0
29 1 0 0 0 0 0 0 0 0
30 1 0 0 0 0 0 0 0 0
32 1 0 0 0 0 0 0 0 0
33 1 0 0 0 0 0 0 0 0
34 1 0 0 0 0 0 0 0 0
46 1 0 0 0 0 0 0 0 0
47 1 0 0 0 0 0 0 0 0
48 1 0 0 1 0 0 0 0 0
49 1 0 0 0 0 0 0 0 0
50 1 1 1 0 0 0 0 0 0
51 1 0 0 0 0 0 0 0 0
52 1 0 0 0 0 0 0 0 0
58 1 0 0 0 0 0 0 0 0
59 1 0 0 0 0 0 1 0 0
60 1 0 0 1 0 0 0 0 0
fl=/usr/src/debug/glibc/glibc/stdlib/../sysdeps/x86_64/mul_1.S
fn=__mpn_mul_1
31 14 1 1 0 0 0 0 0 0
32 14 0 0 0 0 0 14 0 0
35 14 0 0 0 0 0 0 0 0
36 14 0 0 14 0 0 0 0 0
37 14 0 0 0 0 0 0 0 0
38 14 0 0 0 0 0 0 0 0
39 14 0 0 0 0 0 0 0 0
41 14 0 0 0 0 0 0 0 0
42 14 0 0 0 0 0 0 0 0
44 14 0 0 0 0 0 0 0 0
45 14 0 0 0 0 0 0 0 0
46 14 0 0 0 0 0 0 0 0
47 14 0 0 0 0 0 0 0 0
48 11 0 0 0 0 0 0 0 0
50 11 0 0 0 0 0 0 0 0
51 11 0 0 0 0 0 0 0 0
52 11 0 0 0 0 0 11 0 0
53 11 1 1 0 0 0 0 0 0
79 3 1 1 0 0 0 0 0 0
80 3 0 0 0 0 0 0 0 0
81 3 0 0 0 0 0 0 0 0
82 3 0 0 0 0 0 0 0 0
83 3 0 0 0 0 0 0 0 0
84 3 0 0 0 0 0 0 0 0
85 3 0 0 3 0 0 0 0 0
86 3 0 0 0 0 0 0 0 0
87 3 0 0 0 0 0 0 0 0
113 3 1 1 0 0 0 0 0 0
114 3 0 0 0 0 0 0 0 0
115 3 0 0 0 0 0 0 0 0
117 3 0 0 0 0 0 3 0 0
118 3 0 0 0 0 0 0 0 0
119 3 0 0 0 0 0 0 0 0
120 3 0 0 0 0 0 3 0 0
121 3 0 0 0 0 0 0 0 0
122 14 0 0 0 0 0 0 0 0
124 14 0 0 14 0 0 0 0 0
127 14 0 0 14 0 0 0 0 0
fl=/usr/src/debug/glibc/glibc/stdlib/../sysdeps/x86_64/rshift.S
fn=__mpn_rshift
28 2 1 1 0 0 0 0 0 0
29 2 0 0 0 0 0 0 0 0
30 2 0 0 0 0 0 0 0 0
31 2 0 0 0 0 0 0 0 0
44 2 0 0 0 0 0 0 0 0
45 2 1 1 0 0 0 0 0 0
61 2 0 0 0 0 0 0 0 0
62 2 0 0 2 0 0 0 0 0
63 2 0 0 2 0 0 0 0 0
64 2 0 0 0 0 0 0 0 0
65 2 0 0 0 0 0 0 0 0
66 2 0 0 0 0 0 0 0 0
67 2 0 0 0 0 0 0 0 0
72 2 1 1 0 0 0 0 0 0
73 2 0 0 0 0 0 2 0 0
74 2 0 0 0 0 0 0 0 0
75 2 0 0 0 0 0 2 0 0
76 2 0 0 2 0 0 0 0 0
fl=/usr/src/debug/glibc/glibc/stdlib/cmp.c
fn=__mpn_cmp
31 4 1 1 0 0 0 0 0 0
35 8 0 0 0 0 0 0 0 0
37 4 0 0 4 0 0 0 0 0
38 4 0 0 4 0 0 0 0 0
39 8 0 0 0 0 0 0 0 0
47 16 0 0 0 0 0 0 0 0
48 4 0 0 4 0 0 0 0 0
fl=/usr/src/debug/glibc/glibc/stdlib/cxa_atexit.c
fn=__cxa_atexit
67 1 1 1 0 0 0 0 0 0
68 2 0 0 0 0 0 0 0 0
fn=__internal_atexit
36 7 1 1 0 0 0 4 0 0
41 3 0 0 0 0 0 0 0 0
43 7 1 1 1 1 0 0 0 0
44 2 0 0 0 0 0 1 0 0
46 2 0 0 0 0 0 0 0 0
52 3 0 0 1 0 0 0 0 0
53 1 0 0 0 0 0 1 0 0
54 1 0 0 0 0 0 1 1 0
55 1 0 0 0 0 0 1 0 0
56 1 0 0 0 0 0 1 0 0
57 5 1 1 2 0 0 0 0 0
58 1 0 0 0 0 0 0 0 0
59 6 0 0 5 0 0 0 0 0
fn=__new_exitfn
80 5 1 1 0 0 0 1 0 0
81 2 0 0 0 0 0 0 0 0
86 2 0 0 1 1 1 0 0 0
91 8 1 1 2 1 0 0 0 0
93 4 0 0 1 0 0 0 0 0
101 1 1 1 0 0 0 1 0 0
122 1 0 0 0 0 0 0 0 0
123 1 1 1 0 0 0 1 0 0
134 1 0 0 0 0 0 0 0 0
136 1 0 0 0 0 0 1 0 0
137 1 0 0 1 0 0 0 0 0
141 3 0 0 2 0 0 0 0 0
fl=/usr/src/debug/glibc/glibc/stdlib/cxa_finalize.c
fn=__cxa_finalize
45 20 0 0 0 0 0 12 0 0
48 10 1 1 2 0 0 0 0 0
51 14 1 1 4 0 0 0 0 0
55 12 0 0 2 0 0 0 0 0
108 16 2 2 4 1 0 0 0 0
112 12 0 0 2 1 0 0 0 0
119 4 0 0 0 0 0 0 0 0
120 4 0 0 0 0 0 2 0 0
121 8 0 0 4 0 0 0 0 0
122 16 0 0 14 0 0 0 0 0
fl=/usr/src/debug/glibc/glibc/stdlib/cxa_thread_atexit_impl.c
fn=__call_tls_dtors
148 5 1 1 0 0 0 3 0 0
149 4 0 0 2 2 0 0 0 0
165 4 1 1 4 0 0 0 0 0
fl=/usr/src/debug/glibc/glibc/stdlib/divrem.c
fn=__mpn_divrem
45 135 1 1 0 0 0 60 0 0
48 30 0 0 0 0 0 0 0 0
61 15 0 0 15 0 0 0 0 0
62 15 1 1 15 0 0 0 0 0
67 90 0 0 0 0 0 0 0 0
71 135 1 1 20 0 0 0 0 0
75 45 0 0 15 0 0 0 0 0
78 15 1 1 0 0 0 15 0 0
233 60 0 0 45 0 0 0 0 0
fl=/usr/src/debug/glibc/glibc/stdlib/exit.c
fn=__run_exit_handlers
45 12 1 1 0 0 0 7 0 0
47 9 1 1 4 1 0 1 0 0
50 2 0 0 0 0 0 0 0 0
51 2 1 1 0 0 0 1 0 0
53 7 1 1 1 1 0 0 0 0
64 1 0 0 1 1 0 0 0 0
66 2 0 0 0 0 0 0 0 0
70 1 0 0 0 0 0 1 0 0
74 6 0 0 2 0 0 0 0 0
76 2 0 0 0 0 0 1 0 0
77 1 0 0 1 0 0 0 0 0
79 7 1 1 1 0 0 0 0 0
111 1 0 0 0 0 0 1 0 0
112 1 1 1 1 0 0 0 0 0
113 1 0 0 1 1 0 0 0 0
114 3 0 0 1 0 0 0 0 0
117 4 0 0 2 0 0 0 0 0
118 3 1 1 0 0 0 1 0 0
119 4 0 0 1 0 0 0 0 0
123 3 1 1 1 0 0 0 0 0
129 2 0 0 1 0 0 1 0 0
130 2 0 0 0 0 0 0 0 0
136 4 1 1 2 0 0 0 0 0
138 2 0 0 1 0 0 0 0 0
139 2 1 1 0 0 0 1 0 0
141 2 1 1 0 0 0 1 0 0
fn=exit
147 3 1 1 0 0 0 1 0 0
148 4 0 0 0 0 0 1 0 0
fl=/usr/src/debug/glibc/glibc/stdlib/mul.c
fn=__mpn_mul
48 51 1 1 3 0 0 21 1 1
54 6 0 0 0 0 0 0 0 0
66 6 0 0 0 0 0 0 0 0
71 3 1 1 3 1 1 0 0 0
72 6 0 0 0 0 0 0 0 0
81 6 0 0 3 0 0 3 1 1
83 3 0 0 0 0 0 3 0 0
88 6 0 0 0 0 0 0 0 0
141 3 1 1 0 0 0 3 0 0
142 33 0 0 27 0 0 0 0 0
fl=/usr/src/debug/glibc/glibc/string/../include/rtld-malloc.h
fn=strdup
56 4 0 0 2 0 0 2 0 0
fl=/usr/src/debug/glibc/glibc/string/../string/strcspn.c
fn=strcspn
32 5 1 1 0 0 0 1 0 0
33 3 0 0 1 1 1 0 0 0
34 2 0 0 1 0 0 0 0 0
39 6 1 1 0 0 0 4 2 2
40 4 0 0 0 0 0 4 1 1
41 4 0 0 0 0 0 4 1 1
42 4 1 1 0 0 0 4 0 0
44 1 0 0 0 0 0 0 0 0
47 9 0 0 3 0 0 3 0 0
48 6 0 0 0 0 0 0 0 0
51 4 0 0 2 0 0 0 0 0
52 4 1 1 2 0 0 0 0 0
53 4 0 0 2 0 0 0 0 0
54 4 0 0 2 0 0 0 0 0
56 3 0 0 0 0 0 0 0 0
61 12 0 0 0 0 0 0 0 0
62 24 1 1 24 1 1 0 0 0
63 24 0 0 24 0 0 0 0 0
64 24 0 0 24 0 0 0 0 0
65 12 0 0 12 0 0 0 0 0
67 72 0 0 12 0 0 0 0 0
69 1 0 0 0 0 0 0 0 0
70 4 1 1 0 0 0 0 0 0
71 2 0 0 2 0 0 0 0 0
fl=/usr/src/debug/glibc/glibc/string/../sysdeps/x86/cacheinfo.c
fn=__x86_cacheinfo
86 3 1 1 1 0 0 0 0 0
fl=/usr/src/debug/glibc/glibc/string/../sysdeps/x86/cacheinfo.h
fn=__x86_cacheinfo
62 1 0 0 1 0 0 0 0 0
65 3 0 0 1 1 0 0 0 0
67 3 0 0 0 0 0 1 1 1
68 1 0 0 0 0 0 1 1 1
74 3 1 1 1 0 0 0 0 0
76 3 0 0 0 0 0 1 0 0
77 1 0 0 0 0 0 1 0 0
81 2 0 0 1 0 0 1 1 1
84 2 0 0 1 0 0 1 0 0
86 2 1 1 1 1 0 1 0 0
87 2 0 0 1 0 0 1 0 0
88 2 0 0 1 0 0 1 0 0
90 2 0 0 1 0 0 0 0 0
fl=/usr/src/debug/glibc/glibc/string/../sysdeps/x86_64/multiarch/../multiarch/memcmp-sse2.S
fn=bcmp
59 1 1 1 0 0 0 0 0 0
71 1 0 0 0 0 0 0 0 0
72 1 0 0 0 0 0 0 0 0
94 1 0 0 0 0 0 0 0 0
95 1 0 0 0 0 0 0 0 0
140 1 1 1 1 0 0 0 0 0
141 1 0 0 1 0 0 0 0 0
143 1 0 0 0 0 0 0 0 0
144 1 0 0 0 0 0 0 0 0
146 1 0 0 1 0 0 0 0 0
147 1 0 0 1 0 0 0 0 0
149 1 0 0 0 0 0 0 0 0
150 1 0 0 0 0 0 0 0 0
197 1 1 1 0 0 0 0 0 0
198 1 0 0 0 0 0 0 0 0
199 1 0 0 0 0 0 0 0 0
200 1 0 0 0 0 0 0 0 0
201 1 0 0 0 0 0 0 0 0
202 1 0 0 1 0 0 0 0 0
fl=/usr/src/debug/glibc/glibc/string/../sysdeps/x86_64/multiarch/../multiarch/memset-vec-unaligned-erms.S
fn=memset
137 7 1 1 0 0 0 0 0 0
138 35 1 1 0 0 0 0 0 0
143 7 0 0 0 0 0 0 0 0
144 7 0 0 0 0 0 0 0 0
147 5 0 0 0 0 0 0 0 0
148 5 0 0 0 0 0 0 0 0
150 1 0 0 0 0 0 1 1 1
151 1 0 0 0 0 0 1 0 0
152 1 0 0 1 0 0 0 0 0
236 4 0 0 0 0 0 4 2 2
237 4 0 0 0 0 0 4 2 2
249 4 0 0 0 0 0 0 0 0
252 4 0 0 0 0 0 0 0 0
253 4 0 0 0 0 0 0 0 0
265 4 0 0 0 0 0 4 0 0
266 4 1 1 0 0 0 4 1 1
279 4 0 0 0 0 0 0 0 0
280 4 0 0 0 0 0 0 0 0
282 4 0 0 0 0 0 0 0 0
285 3 0 0 0 0 0 0 0 0
288 6 0 0 0 0 0 0 0 0
291 76 0 0 0 0 0 76 70 70
292 76 0 0 0 0 0 76 5 5
293 76 0 0 0 0 0 76 0 0
294 76 0 0 0 0 0 76 0 0
295 76 0 0 0 0 0 0 0 0
296 76 0 0 0 0 0 0 0 0
297 76 0 0 0 0 0 0 0 0
300 4 0 0 0 0 0 4 2 2
301 4 0 0 0 0 0 4 0 0
302 4 1 1 0 0 0 4 0 0
303 4 0 0 0 0 0 4 0 0
308 4 0 0 4 0 0 0 0 0
354 2 0 0 0 0 0 0 0 0
356 2 0 0 0 0 0 0 0 0
357 2 0 0 0 0 0 0 0 0
396 2 0 0 0 0 0 2 1 1
397 2 0 0 0 0 0 2 1 1
399 2 0 0 2 0 0 0 0 0
fl=/usr/src/debug/glibc/glibc/string/../sysdeps/x86_64/multiarch/../multiarch/strchr-sse2.S
fn=index
32 14 1 1 0 0 0 0 0 0
33 14 0 0 0 0 0 0 0 0
34 14 0 0 0 0 0 0 0 0
35 14 0 0 0 0 0 0 0 0
36 14 0 0 0 0 0 0 0 0
37 14 0 0 0 0 0 0 0 0
38 14 0 0 0 0 0 0 0 0
39 14 0 0 0 0 0 0 0 0
40 14 0 0 0 0 0 0 0 0
41 14 0 0 14 3 3 0 0 0
42 14 0 0 0 0 0 0 0 0
43 14 1 1 0 0 0 0 0 0
44 14 0 0 0 0 0 0 0 0
45 14 0 0 0 0 0 0 0 0
46 14 0 0 0 0 0 0 0 0
47 14 0 0 0 0 0 0 0 0
48 14 0 0 0 0 0 0 0 0
49 14 0 0 0 0 0 0 0 0
50 12 0 0 0 0 0 0 0 0
54 12 0 0 0 0 0 0 0 0
55 12 0 0 0 0 0 0 0 0
56 12 0 0 12 0 0 0 0 0
57 12 0 0 0 0 0 0 0 0
59 12 0 0 12 0 0 0 0 0
63 2 0 0 2 0 0 0 0 0
64 2 0 0 0 0 0 0 0 0
65 2 0 0 0 0 0 0 0 0
66 2 1 1 0 0 0 0 0 0
67 2 0 0 0 0 0 0 0 0
68 2 0 0 0 0 0 0 0 0
69 2 0 0 2 0 0 0 0 0
70 2 0 0 0 0 0 0 0 0
71 2 0 0 0 0 0 0 0 0
72 2 0 0 0 0 0 0 0 0
73 2 0 0 0 0 0 0 0 0
74 2 0 0 0 0 0 0 0 0
75 2 0 0 0 0 0 0 0 0
76 2 0 0 2 0 0 0 0 0
77 2 0 0 0 0 0 0 0 0
78 2 0 0 0 0 0 0 0 0
79 2 0 0 0 0 0 0 0 0
80 2 0 0 0 0 0 0 0 0
81 2 0 0 0 0 0 0 0 0
82 2 1 1 0 0 0 0 0 0
83 2 0 0 0 0 0 0 0 0
84 2 0 0 0 0 0 0 0 0
85 2 0 0 0 0 0 0 0 0
86 2 0 0 0 0 0 0 0 0
138 2 1 1 0 0 0 0 0 0
142 2 0 0 0 0 0 0 0 0
143 2 0 0 0 0 0 0 0 0
144 2 0 0 2 0 0 0 0 0
145 2 0 0 0 0 0 0 0 0
147 2 0 0 2 0 0 0 0 0
fl=/usr/src/debug/glibc/glibc/string/../sysdeps/x86_64/multiarch/../multiarch/strcmp-sse2.S
fn=strcmp
98 178 1 1 0 0 0 0 0 0
131 178 0 0 0 0 0 0 0 0
132 178 0 0 0 0 0 0 0 0
134 178 0 0 0 0 0 0 0 0
135 178 0 0 0 0 0 0 0 0
156 178 0 0 0 0 0 0 0 0
157 178 0 0 0 0 0 0 0 0
158 159 0 0 0 0 0 0 0 0
159 159 0 0 0 0 0 0 0 0
160 125 0 0 125 22 13 0 0 0
161 125 0 0 125 10 7 0 0 0
162 125 0 0 125 0 0 0 0 0
163 125 0 0 125 0 0 0 0 0
180 125 0 0 0 0 0 0 0 0
181 125 0 0 0 0 0 0 0 0
182 125 0 0 0 0 0 0 0 0
183 125 0 0 0 0 0 0 0 0
184 125 0 0 0 0 0 0 0 0
185 125 1 1 0 0 0 0 0 0
186 125 0 0 0 0 0 0 0 0
191 10 0 0 0 0 0 0 0 0
192 30 0 0 0 0 0 0 0 0
201 63 0 0 0 0 0 0 0 0
202 63 0 0 0 0 0 0 0 0
203 63 0 0 0 0 0 0 0 0
204 63 0 0 0 0 0 0 0 0
205 63 0 0 0 0 0 0 0 0
206 63 0 0 0 0 0 0 0 0
207 63 0 0 0 0 0 0 0 0
208 63 0 0 0 0 0 0 0 0
209 59 0 0 0 0 0 0 0 0
210 46 0 0 0 0 0 0 0 0
211 46 0 0 0 0 0 0 0 0
212 46 0 0 0 0 0 0 0 0
214 59 1 1 0 0 0 0 0 0
215 59 0 0 0 0 0 0 0 0
216 59 0 0 0 0 0 0 0 0
217 59 0 0 59 5 2 0 0 0
218 59 0 0 0 0 0 0 0 0
219 59 0 0 0 0 0 0 0 0
229 4 0 0 4 0 0 0 0 0
230 4 0 0 0 0 0 0 0 0
231 4 0 0 0 0 0 0 0 0
233 4 0 0 4 0 0 0 0 0
239 4 0 0 0 0 0 0 0 0
240 4 0 0 0 0 0 0 0 0
241 4 0 0 0 0 0 0 0 0
242 4 0 0 0 0 0 0 0 0
243 4 1 1 0 0 0 0 0 0
248 4 0 0 0 0 0 0 0 0
542 1 1 1 0 0 0 0 0 0
543 1 0 0 1 0 0 0 0 0
544 1 0 0 1 1 1 0 0 0
545 1 0 0 0 0 0 0 0 0
546 1 0 0 0 0 0 0 0 0
548 1 0 0 0 0 0 0 0 0
549 1 0 0 0 0 0 0 0 0
550 1 0 0 0 0 0 0 0 0
551 1 0 0 0 0 0 0 0 0
552 1 0 0 0 0 0 0 0 0
553 1 0 0 0 0 0 0 0 0
554 1 0 0 0 0 0 0 0 0
555 1 0 0 1 0 0 0 0 0
559 1 0 0 0 0 0 0 0 0
560 1 0 0 0 0 0 0 0 0
561 1 1 1 0 0 0 0 0 0
567 1 0 0 0 0 0 0 0 0
568 1 0 0 0 0 0 0 0 0
569 2 0 0 0 0 0 0 0 0
573 1 0 0 0 0 0 0 0 0
574 1 0 0 0 0 0 0 0 0
577 1 0 0 1 0 0 0 0 0
578 1 0 0 1 0 0 0 0 0
579 1 0 0 0 0 0 0 0 0
581 1 0 0 0 0 0 0 0 0
582 1 1 1 0 0 0 0 0 0
583 1 0 0 0 0 0 0 0 0
587 1 0 0 0 0 0 0 0 0
588 1 0 0 0 0 0 0 0 0
589 1 0 0 0 0 0 0 0 0
590 1 0 0 0 0 0 0 0 0
591 1 0 0 0 0 0 0 0 0
592 1 0 0 0 0 0 0 0 0
633 1 1 1 0 0 0 0 0 0
634 1 0 0 0 0 0 0 0 0
635 1 0 0 0 0 0 0 0 0
636 1 0 0 0 0 0 0 0 0
643 1 0 0 0 0 0 0 0 0
644 1 0 0 0 0 0 0 0 0
645 1 0 0 0 0 0 0 0 0
899 7 1 1 0 0 0 0 0 0
900 7 0 0 7 1 1 0 0 0
901 7 0 0 7 0 0 0 0 0
902 7 0 0 0 0 0 0 0 0
903 7 0 0 0 0 0 0 0 0
905 7 0 0 0 0 0 0 0 0
906 7 0 0 0 0 0 0 0 0
907 7 0 0 0 0 0 0 0 0
908 7 0 0 0 0 0 0 0 0
909 7 0 0 0 0 0 0 0 0
910 7 0 0 0 0 0 0 0 0
911 7 0 0 0 0 0 0 0 0
912 5 0 0 5 0 0 0 0 0
916 5 0 0 0 0 0 0 0 0
917 5 0 0 0 0 0 0 0 0
918 5 1 1 0 0 0 0 0 0
924 5 0 0 0 0 0 0 0 0
925 5 0 0 0 0 0 0 0 0
926 10 0 0 0 0 0 0 0 0
930 5 0 0 0 0 0 0 0 0
931 5 0 0 0 0 0 0 0 0
934 5 0 0 5 0 0 0 0 0
935 5 0 0 5 2 2 0 0 0
936 5 0 0 0 0 0 0 0 0
938 5 0 0 0 0 0 0 0 0
939 5 1 1 0 0 0 0 0 0
940 5 0 0 0 0 0 0 0 0
944 5 0 0 0 0 0 0 0 0
945 5 0 0 0 0 0 0 0 0
946 5 0 0 0 0 0 0 0 0
947 5 0 0 0 0 0 0 0 0
948 5 0 0 0 0 0 0 0 0
949 5 0 0 0 0 0 0 0 0
1018 2 1 1 0 0 0 0 0 0
1019 2 0 0 2 0 0 0 0 0
1020 2 0 0 2 1 0 0 0 0
1021 2 0 0 0 0 0 0 0 0
1022 2 0 0 0 0 0 0 0 0
1024 2 0 0 0 0 0 0 0 0
1025 2 0 0 0 0 0 0 0 0
1026 2 0 0 0 0 0 0 0 0
1027 2 0 0 0 0 0 0 0 0
1028 2 0 0 0 0 0 0 0 0
1029 2 0 0 0 0 0 0 0 0
1030 2 0 0 0 0 0 0 0 0
1137 2 1 1 0 0 0 0 0 0
1138 2 0 0 2 0 0 0 0 0
1139 2 0 0 2 0 0 0 0 0
1140 2 0 0 0 0 0 0 0 0
1141 2 0 0 0 0 0 0 0 0
1143 2 0 0 0 0 0 0 0 0
1144 2 0 0 0 0 0 0 0 0
1145 2 0 0 0 0 0 0 0 0
1146 2 0 0 0 0 0 0 0 0
1147 2 0 0 0 0 0 0 0 0
1148 2 0 0 0 0 0 0 0 0
1149 2 0 0 0 0 0 0 0 0
1375 6 1 1 0 0 0 0 0 0
1376 6 0 0 6 1 1 0 0 0
1377 6 0 0 6 0 0 0 0 0
1378 6 0 0 0 0 0 0 0 0
1379 6 0 0 0 0 0 0 0 0
1381 6 0 0 0 0 0 0 0 0
1382 6 0 0 0 0 0 0 0 0
1383 6 0 0 0 0 0 0 0 0
1384 6 0 0 0 0 0 0 0 0
1385 6 0 0 0 0 0 0 0 0
1386 6 0 0 0 0 0 0 0 0
1387 6 0 0 0 0 0 0 0 0
1388 2 0 0 2 0 0 0 0 0
1392 2 0 0 0 0 0 0 0 0
1393 2 0 0 0 0 0 0 0 0
1394 2 1 1 0 0 0 0 0 0
1400 2 0 0 0 0 0 0 0 0
1401 2 0 0 0 0 0 0 0 0
1402 4 0 0 0 0 0 0 0 0
1406 2 0 0 0 0 0 0 0 0
1407 2 0 0 0 0 0 0 0 0
1410 2 0 0 2 0 0 0 0 0
1411 2 0 0 2 1 1 0 0 0
1412 2 0 0 0 0 0 0 0 0
1414 2 0 0 0 0 0 0 0 0
1415 2 1 1 0 0 0 0 0 0
1416 2 0 0 0 0 0 0 0 0
1420 2 0 0 0 0 0 0 0 0
1421 2 0 0 0 0 0 0 0 0
1422 2 0 0 0 0 0 0 0 0
1423 2 0 0 0 0 0 0 0 0
1424 2 0 0 0 0 0 0 0 0
1425 2 0 0 0 0 0 0 0 0
1494 1 1 1 0 0 0 0 0 0
1495 1 0 0 1 0 0 0 0 0
1496 1 0 0 1 0 0 0 0 0
1497 1 0 0 0 0 0 0 0 0
1498 1 0 0 0 0 0 0 0 0
1500 1 0 0 0 0 0 0 0 0
1501 1 0 0 0 0 0 0 0 0
1502 1 0 0 0 0 0 0 0 0
1503 1 0 0 0 0 0 0 0 0
1504 1 0 0 0 0 0 0 0 0
1505 1 0 0 0 0 0 0 0 0
1506 1 0 0 0 0 0 0 0 0
1613 20 1 1 0 0 0 0 0 0
1614 20 0 0 20 1 1 0 0 0
1615 20 0 0 20 1 0 0 0 0
1616 20 0 0 0 0 0 0 0 0
1617 20 0 0 0 0 0 0 0 0
1619 20 0 0 0 0 0 0 0 0
1620 20 0 0 0 0 0 0 0 0
1621 20 0 0 0 0 0 0 0 0
1622 20 0 0 0 0 0 0 0 0
1623 20 0 0 0 0 0 0 0 0
1624 20 0 0 0 0 0 0 0 0
1625 20 0 0 0 0 0 0 0 0
1626 19 0 0 19 0 0 0 0 0
1630 19 0 0 0 0 0 0 0 0
1631 19 0 0 0 0 0 0 0 0
1632 19 1 1 0 0 0 0 0 0
1638 19 0 0 0 0 0 0 0 0
1639 19 0 0 0 0 0 0 0 0
1640 38 0 0 0 0 0 0 0 0
1644 19 0 0 0 0 0 0 0 0
1645 19 0 0 0 0 0 0 0 0
1648 19 0 0 19 1 1 0 0 0
1649 19 0 0 19 0 0 0 0 0
1650 19 0 0 0 0 0 0 0 0
1652 19 0 0 0 0 0 0 0 0
1653 19 1 1 0 0 0 0 0 0
1654 19 0 0 0 0 0 0 0 0
1658 19 0 0 0 0 0 0 0 0
1659 19 0 0 0 0 0 0 0 0
1660 19 0 0 0 0 0 0 0 0
1661 19 0 0 0 0 0 0 0 0
1662 19 0 0 0 0 0 0 0 0
1663 19 0 0 0 0 0 0 0 0
1732 4 1 1 0 0 0 0 0 0
1733 4 0 0 4 0 0 0 0 0
1734 4 0 0 4 1 1 0 0 0
1735 4 0 0 0 0 0 0 0 0
1736 4 0 0 0 0 0 0 0 0
1738 4 0 0 0 0 0 0 0 0
1739 4 0 0 0 0 0 0 0 0
1740 4 0 0 0 0 0 0 0 0
1741 4 0 0 0 0 0 0 0 0
1742 4 0 0 0 0 0 0 0 0
1743 4 0 0 0 0 0 0 0 0
1744 4 0 0 0 0 0 0 0 0
1745 3 0 0 3 0 0 0 0 0
1749 3 0 0 0 0 0 0 0 0
1750 3 0 0 0 0 0 0 0 0
1751 3 1 1 0 0 0 0 0 0
1757 3 0 0 0 0 0 0 0 0
1758 3 0 0 0 0 0 0 0 0
1759 6 0 0 0 0 0 0 0 0
1763 3 0 0 0 0 0 0 0 0
1764 3 0 0 0 0 0 0 0 0
1767 3 0 0 3 0 0 0 0 0
1768 3 0 0 3 1 1 0 0 0
1769 3 0 0 0 0 0 0 0 0
1771 3 0 0 0 0 0 0 0 0
1772 3 1 1 0 0 0 0 0 0
1773 3 0 0 0 0 0 0 0 0
1777 3 0 0 0 0 0 0 0 0
1778 3 0 0 0 0 0 0 0 0
1779 3 0 0 0 0 0 0 0 0
1780 3 0 0 0 0 0 0 0 0
1781 3 0 0 0 0 0 0 0 0
1782 3 0 0 0 0 0 0 0 0
1789 1 0 0 0 0 0 0 0 0
1790 1 0 0 0 0 0 0 0 0
1792 1 0 0 0 0 0 0 0 0
1793 1 0 0 0 0 0 0 0 0
1795 1 0 0 1 0 0 0 0 0
1796 1 0 0 1 0 0 0 0 0
1797 1 0 0 0 0 0 0 0 0
1799 1 1 1 0 0 0 0 0 0
1800 1 0 0 0 0 0 0 0 0
1801 1 0 0 0 0 0 0 0 0
1805 1 0 0 0 0 0 0 0 0
1806 1 0 0 0 0 0 0 0 0
1807 1 0 0 0 0 0 0 0 0
1808 1 0 0 0 0 0 0 0 0
1809 1 0 0 0 0 0 0 0 0
1810 1 0 0 0 0 0 0 0 0
1851 14 1 1 0 0 0 0 0 0
1852 14 0 0 14 1 1 0 0 0
1853 14 0 0 14 1 1 0 0 0
1854 14 0 0 0 0 0 0 0 0
1855 14 0 0 0 0 0 0 0 0
1857 14 0 0 0 0 0 0 0 0
1858 14 0 0 0 0 0 0 0 0
1859 14 0 0 0 0 0 0 0 0
1860 14 0 0 0 0 0 0 0 0
1861 14 0 0 0 0 0 0 0 0
1862 14 0 0 0 0 0 0 0 0
1863 14 0 0 0 0 0 0 0 0
1864 2 0 0 2 0 0 0 0 0
1868 2 0 0 0 0 0 0 0 0
1869 2 0 0 0 0 0 0 0 0
1870 2 1 1 0 0 0 0 0 0
1876 2 0 0 0 0 0 0 0 0
1877 2 0 0 0 0 0 0 0 0
1878 4 0 0 0 0 0 0 0 0
1882 2 0 0 0 0 0 0 0 0
1883 2 0 0 0 0 0 0 0 0
1886 2 0 0 2 2 2 0 0 0
1887 2 0 0 2 0 0 0 0 0
1888 2 0 0 0 0 0 0 0 0
1890 2 0 0 0 0 0 0 0 0
1891 2 1 1 0 0 0 0 0 0
1892 2 0 0 0 0 0 0 0 0
1896 2 0 0 0 0 0 0 0 0
1897 2 0 0 0 0 0 0 0 0
1898 2 0 0 0 0 0 0 0 0
1899 2 0 0 0 0 0 0 0 0
1900 2 0 0 0 0 0 0 0 0
1901 2 0 0 0 0 0 0 0 0
1970 2 1 1 0 0 0 0 0 0
1971 2 0 0 2 0 0 0 0 0
1972 2 0 0 2 1 0 0 0 0
1973 2 0 0 0 0 0 0 0 0
1974 2 0 0 0 0 0 0 0 0
1976 2 0 0 0 0 0 0 0 0
1977 2 0 0 0 0 0 0 0 0
1978 2 0 0 0 0 0 0 0 0
1979 2 0 0 0 0 0 0 0 0
1980 2 0 0 0 0 0 0 0 0
1981 2 0 0 0 0 0 0 0 0
1982 2 0 0 0 0 0 0 0 0
1984 1 0 0 1 0 0 0 0 0
1988 1 0 0 0 0 0 0 0 0
1989 1 0 0 0 0 0 0 0 0
1990 1 1 1 0 0 0 0 0 0
1996 1 0 0 0 0 0 0 0 0
1997 1 0 0 0 0 0 0 0 0
1999 2 0 0 0 0 0 0 0 0
2003 1 0 0 0 0 0 0 0 0
2004 1 0 0 0 0 0 0 0 0
2007 1 0 0 1 0 0 0 0 0
2008 1 0 0 1 0 0 0 0 0
2009 1 0 0 0 0 0 0 0 0
2011 1 0 0 0 0 0 0 0 0
2012 1 1 1 0 0 0 0 0 0
2013 1 0 0 0 0 0 0 0 0
2017 1 0 0 0 0 0 0 0 0
2018 1 0 0 0 0 0 0 0 0
2019 1 0 0 0 0 0 0 0 0
2020 1 0 0 0 0 0 0 0 0
2021 1 0 0 0 0 0 0 0 0
2022 1 0 0 0 0 0 0 0 0
2029 1 0 0 0 0 0 0 0 0
2030 1 0 0 0 0 0 0 0 0
2032 1 0 0 0 0 0 0 0 0
2033 1 0 0 0 0 0 0 0 0
2035 1 0 0 1 0 0 0 0 0
2036 1 0 0 1 0 0 0 0 0
2037 1 0 0 0 0 0 0 0 0
2039 1 1 1 0 0 0 0 0 0
2040 1 0 0 0 0 0 0 0 0
2041 1 0 0 0 0 0 0 0 0
2045 1 0 0 0 0 0 0 0 0
2046 1 0 0 0 0 0 0 0 0
2047 1 0 0 0 0 0 0 0 0
2048 1 0 0 0 0 0 0 0 0
2049 1 0 0 0 0 0 0 0 0
2050 1 0 0 0 0 0 0 0 0
2093 33 0 0 0 0 0 0 0 0
2095 63 0 0 0 0 0 0 0 0
2096 63 0 0 0 0 0 0 0 0
2097 63 0 0 0 0 0 0 0 0
2098 63 0 0 0 0 0 0 0 0
2099 92 0 0 0 0 0 0 0 0
2104 178 1 1 0 0 0 0 0 0
2110 178 0 0 178 0 0 0 0 0
2111 178 0 0 178 0 0 0 0 0
2119 178 0 0 0 0 0 0 0 0
2120 178 0 0 178 0 0 0 0 0
fn=strncmp
98 1 1 1 0 0 0 0 0 0
125 1 0 0 0 0 0 0 0 0
126 1 0 0 0 0 0 0 0 0
127 1 0 0 0 0 0 0 0 0
128 1 0 0 0 0 0 0 0 0
129 1 0 0 0 0 0 0 0 0
131 1 0 0 0 0 0 0 0 0
132 1 0 0 0 0 0 0 0 0
134 1 0 0 0 0 0 0 0 0
135 1 0 0 0 0 0 0 0 0
156 1 0 0 0 0 0 0 0 0
157 1 0 0 0 0 0 0 0 0
158 1 0 0 0 0 0 0 0 0
159 1 0 0 0 0 0 0 0 0
201 1 1 1 0 0 0 0 0 0
202 1 0 0 0 0 0 0 0 0
203 1 0 0 0 0 0 0 0 0
204 1 0 0 0 0 0 0 0 0
205 1 0 0 0 0 0 0 0 0
206 1 0 0 0 0 0 0 0 0
207 1 0 0 0 0 0 0 0 0
208 1 0 0 0 0 0 0 0 0
209 1 0 0 0 0 0 0 0 0
210 1 0 0 0 0 0 0 0 0
211 1 0 0 0 0 0 0 0 0
212 1 0 0 0 0 0 0 0 0
214 1 0 0 0 0 0 0 0 0
215 1 0 0 0 0 0 0 0 0
216 1 0 0 0 0 0 0 0 0
217 1 0 0 1 1 1 0 0 0
218 1 0 0 0 0 0 0 0 0
219 1 0 0 0 0 0 0 0 0
1970 1 1 1 0 0 0 0 0 0
1971 1 0 0 1 1 1 0 0 0
1972 1 0 0 1 0 0 0 0 0
1973 1 0 0 0 0 0 0 0 0
1974 1 0 0 0 0 0 0 0 0
1976 1 0 0 0 0 0 0 0 0
1977 1 0 0 0 0 0 0 0 0
1978 1 0 0 0 0 0 0 0 0
1979 1 0 0 0 0 0 0 0 0
1980 1 0 0 0 0 0 0 0 0
1981 1 0 0 0 0 0 0 0 0
1982 1 0 0 0 0 0 0 0 0
2095 1 1 1 0 0 0 0 0 0
2096 1 0 0 0 0 0 0 0 0
2097 1 0 0 0 0 0 0 0 0
2098 1 0 0 0 0 0 0 0 0
2099 2 0 0 0 0 0 0 0 0
2104 1 0 0 0 0 0 0 0 0
2107 1 0 0 0 0 0 0 0 0
2108 1 0 0 0 0 0 0 0 0
2110 1 0 0 1 0 0 0 0 0
2111 1 1 1 1 0 0 0 0 0
2119 1 0 0 0 0 0 0 0 0
2120 1 0 0 1 0 0 0 0 0
fl=/usr/src/debug/glibc/glibc/string/../sysdeps/x86_64/multiarch/../multiarch/strlen-sse2.S
fn=strlen
57 12 1 1 0 0 0 0 0 0
101 12 0 0 0 0 0 0 0 0
102 12 0 0 0 0 0 0 0 0
103 12 0 0 0 0 0 0 0 0
104 12 0 0 0 0 0 0 0 0
105 12 0 0 0 0 0 0 0 0
106 12 0 0 0 0 0 0 0 0
107 12 1 1 0 0 0 0 0 0
109 12 0 0 0 0 0 0 0 0
111 12 0 0 0 0 0 0 0 0
142 12 0 0 12 2 2 0 0 0
143 12 0 0 0 0 0 0 0 0
144 12 0 0 0 0 0 0 0 0
145 12 0 0 0 0 0 0 0 0
146 12 0 0 0 0 0 0 0 0
147 6 0 0 0 0 0 0 0 0
149 6 0 0 6 0 0 0 0 0
153 6 0 0 0 0 0 0 0 0
154 6 0 0 6 0 0 0 0 0
155 6 0 0 6 0 0 0 0 0
156 6 0 0 6 1 1 0 0 0
157 6 0 0 0 0 0 0 0 0
158 6 0 0 0 0 0 0 0 0
159 6 0 0 0 0 0 0 0 0
160 6 1 1 0 0 0 0 0 0
161 6 0 0 0 0 0 0 0 0
162 6 0 0 0 0 0 0 0 0
163 6 0 0 0 0 0 0 0 0
164 6 0 0 0 0 0 0 0 0
169 48 0 0 6 0 0 0 0 0
fl=/usr/src/debug/glibc/glibc/string/../sysdeps/x86_64/multiarch/ifunc-avx2.h
fn=memrchr
38 2 0 0 2 0 0 0 0 0
40 4 0 0 0 0 0 0 0 0
41 2 1 1 1 0 0 0 0 0
42 3 0 0 1 0 0 0 0 0
46 4 0 0 0 0 0 0 0 0
49 3 0 0 0 0 0 0 0 0
52 5 0 0 1 0 0 0 0 0
fn=rindex
38 2 0 0 2 0 0 0 0 0
40 4 0 0 0 0 0 0 0 0
41 2 1 1 1 0 0 0 0 0
42 3 0 0 1 0 0 0 0 0
46 4 0 0 0 0 0 0 0 0
49 3 0 0 0 0 0 0 0 0
52 5 1 1 1 0 0 0 0 0
fn=strchrnul
38 2 0 0 2 0 0 0 0 0
40 4 0 0 0 0 0 0 0 0
41 2 0 0 1 0 0 0 0 0
42 3 0 0 1 0 0 0 0 0
46 4 1 1 0 0 0 0 0 0
49 3 0 0 0 0 0 0 0 0
52 5 0 0 1 0 0 0 0 0
fn=strlen
38 2 0 0 2 0 0 0 0 0
40 4 0 0 0 0 0 0 0 0
41 2 1 1 1 0 0 0 0 0
42 3 0 0 1 0 0 0 0 0
46 4 0 0 0 0 0 0 0 0
49 3 0 0 0 0 0 0 0 0
52 5 0 0 1 0 0 0 0 0
fn=strnlen
38 4 1 1 4 0 0 0 0 0
40 8 0 0 0 0 0 0 0 0
41 4 0 0 2 1 0 0 0 0
42 6 0 0 2 0 0 0 0 0
46 8 0 0 0 0 0 0 0 0
49 6 1 1 0 0 0 0 0 0
52 10 0 0 2 0 0 0 0 0
fl=/usr/src/debug/glibc/glibc/string/../sysdeps/x86_64/multiarch/ifunc-evex.h
fn=memchr
37 2 0 0 2 0 0 0 0 0
38 4 0 0 0 0 0 0 0 0
39 3 0 0 1 0 0 0 0 0
43 4 0 0 0 0 0 0 0 0
51 3 1 1 0 0 0 0 0 0
54 4 0 0 0 0 0 0 0 0
fl=/usr/src/debug/glibc/glibc/string/../sysdeps/x86_64/multiarch/ifunc-memcmp.h
fn=bcmp
34 6 0 0 2 0 0 0 0 0
35 2 0 0 1 0 0 0 0 0
37 3 0 0 1 0 0 0 0 0
41 4 1 1 0 0 0 0 0 0
44 3 0 0 0 0 0 0 0 0
47 5 0 0 1 0 0 0 0 0
fl=/usr/src/debug/glibc/glibc/string/../sysdeps/x86_64/multiarch/ifunc-memmove.h
fn=memcpy@@GLIBC_2.14
56 2 0 0 2 0 0 0 0 0
57 3 1 1 0 0 0 0 0 0
60 3 0 0 1 0 0 0 0 0
61 2 0 0 0 0 0 0 0 0
74 2 1 1 0 0 0 0 0 0
77 2 1 1 0 0 0 0 0 0
85 2 0 0 0 0 0 0 0 0
93 2 0 0 0 0 0 0 0 0
96 5 0 0 1 0 0 0 0 0
fn=memmove
56 2 0 0 2 0 0 0 0 0
57 3 1 1 0 0 0 0 0 0
60 3 0 0 1 0 0 0 0 0
61 2 0 0 0 0 0 0 0 0
74 2 1 1 0 0 0 0 0 0
77 2 1 1 0 0 0 0 0 0
85 2 0 0 0 0 0 0 0 0
93 2 0 0 0 0 0 0 0 0
96 5 0 0 1 0 0 0 0 0
fn=mempcpy
56 2 0 0 2 0 0 0 0 0
57 3 0 0 0 0 0 0 0 0
60 3 0 0 1 0 0 0 0 0
61 2 0 0 0 0 0 0 0 0
74 2 1 1 0 0 0 0 0 0
77 2 1 1 0 0 0 0 0 0
85 2 0 0 0 0 0 0 0 0
93 2 0 0 0 0 0 0 0 0
96 5 1 1 1 0 0 0 0 0
fl=/usr/src/debug/glibc/glibc/string/../sysdeps/x86_64/multiarch/ifunc-memset.h
fn=memset
52 2 0 0 0 0 0 0 0 0
53 4 0 0 0 0 0 0 0 0
61 10 0 0 4 1 0 0 0 0
64 6 0 0 2 1 0 0 0 0
65 4 1 1 0 0 0 0 0 0
80 4 0 0 0 0 0 0 0 0
84 8 1 1 0 0 0 0 0 0
92 4 0 0 0 0 0 0 0 0
100 4 1 1 0 0 0 0 0 0
fl=/usr/src/debug/glibc/glibc/string/../sysdeps/x86_64/multiarch/ifunc-sse4_2.h
fn=strcspn
36 5 1 1 2 0 0 0 0 0
fn=strpbrk
36 5 1 1 2 0 0 0 0 0
fn=strspn
36 5 0 0 2 0 0 0 0 0
fl=/usr/src/debug/glibc/glibc/string/../sysdeps/x86_64/multiarch/ifunc-strcasecmp.h
fn=strcasecmp
36 1 0 0 1 0 0 0 0 0
37 4 0 0 1 0 0 0 0 0
38 3 1 1 1 0 0 0 0 0
42 4 1 1 1 0 0 0 0 0
45 3 0 0 1 0 0 0 0 0
48 4 0 0 0 0 0 0 0 0
fn=strcasecmp_l
36 1 0 0 1 0 0 0 0 0
37 4 0 0 1 0 0 0 0 0
38 3 1 1 1 0 0 0 0 0
42 4 0 0 1 0 0 0 0 0
45 3 0 0 1 0 0 0 0 0
48 4 1 1 0 0 0 0 0 0
fn=strncasecmp
36 1 0 0 1 0 0 0 0 0
37 4 0 0 1 1 0 0 0 0
38 3 1 1 1 0 0 0 0 0
42 4 0 0 1 0 0 0 0 0
45 3 1 1 1 0 0 0 0 0
48 4 0 0 0 0 0 0 0 0
fn=strncasecmp_l
36 1 0 0 1 0 0 0 0 0
37 4 1 1 1 0 0 0 0 0
38 3 1 1 1 0 0 0 0 0
42 4 0 0 1 0 0 0 0 0
45 3 0 0 1 0 0 0 0 0
48 4 0 0 0 0 0 0 0 0
fl=/usr/src/debug/glibc/glibc/string/../sysdeps/x86_64/multiarch/ifunc-strcpy.h
fn=stpcpy
38 4 0 0 2 0 0 0 0 0
39 3 0 0 1 0 0 0 0 0
43 4 0 0 0 0 0 0 0 0
46 3 0 0 0 0 0 0 0 0
49 3 1 1 0 0 0 0 0 0
fn=strcat
38 4 0 0 2 0 0 0 0 0
39 3 0 0 1 0 0 0 0 0
43 4 0 0 0 0 0 0 0 0
46 3 1 1 0 0 0 0 0 0
49 3 0 0 0 0 0 0 0 0
fn=strcpy
38 4 0 0 2 0 0 0 0 0
39 3 0 0 1 0 0 0 0 0
43 4 0 0 0 0 0 0 0 0
46 3 0 0 0 0 0 0 0 0
49 3 0 0 0 0 0 0 0 0
fl=/usr/src/debug/glibc/glibc/string/../sysdeps/x86_64/multiarch/ifunc-strncpy.h
fn=stpncpy
35 4 1 1 2 0 0 0 0 0
36 3 0 0 1 0 0 0 0 0
40 4 0 0 0 0 0 0 0 0
43 3 0 0 0 0 0 0 0 0
46 5 0 0 1 0 0 0 0 0
fn=strncpy
35 4 0 0 2 0 0 0 0 0
36 3 1 1 1 0 0 0 0 0
40 4 0 0 0 0 0 0 0 0
43 3 0 0 0 0 0 0 0 0
46 5 0 0 1 0 0 0 0 0
fl=/usr/src/debug/glibc/glibc/string/../sysdeps/x86_64/multiarch/memchr.c
fn=memchr
29 2 1 1 1 0 0 0 0 0
fl=/usr/src/debug/glibc/glibc/string/../sysdeps/x86_64/multiarch/memcmp.c
fn=bcmp
29 1 1 1 0 0 0 0 0 0
fl=/usr/src/debug/glibc/glibc/string/../sysdeps/x86_64/multiarch/memcpy.c
fn=memcpy@@GLIBC_2.14
29 1 1 1 0 0 0 0 0 0
fl=/usr/src/debug/glibc/glibc/string/../sysdeps/x86_64/multiarch/memmove-vec-unaligned-erms.S
fn=__memcpy_avx_unaligned_erms
255 13 1 1 0 0 0 0 0 0
256 13 0 0 0 0 0 0 0 0
262 14 0 0 0 0 0 0 0 0
263 14 0 0 0 0 0 0 0 0
265 1 0 0 1 0 0 0 0 0
266 1 0 0 0 0 0 0 0 0
267 1 0 0 0 0 0 0 0 0
270 1 0 0 1 0 0 0 0 0
271 1 0 0 0 0 0 1 0 0
272 1 0 0 0 0 0 1 1 1
275 2 0 0 1 0 0 0 0 0
305 13 0 0 0 0 0 0 0 0
306 13 0 0 0 0 0 0 0 0
308 9 0 0 0 0 0 0 0 0
309 9 0 0 0 0 0 0 0 0
311 6 0 0 0 0 0 0 0 0
315 6 0 0 0 0 0 0 0 0
316 3 1 1 0 0 0 0 0 0
317 3 0 0 0 0 0 0 0 0
318 3 0 0 3 0 0 0 0 0
319 3 0 0 0 0 0 0 0 0
320 2 0 0 2 0 0 0 0 0
321 2 0 0 0 0 0 2 0 0
323 3 0 0 0 0 0 3 0 0
325 3 0 0 3 0 0 0 0 0
331 3 0 0 3 0 0 0 0 0
332 3 0 0 3 0 0 0 0 0
333 3 0 0 0 0 0 3 0 0
334 3 0 0 0 0 0 3 0 0
335 3 0 0 3 0 0 0 0 0
342 4 0 0 4 1 1 0 0 0
343 4 0 0 4 0 0 0 0 0
344 4 0 0 0 0 0 4 0 0
345 4 0 0 0 0 0 4 0 0
347 4 0 0 4 0 0 0 0 0
364 3 1 1 3 0 0 0 0 0
365 3 0 0 3 0 0 0 0 0
366 3 0 0 0 0 0 3 0 0
367 3 0 0 0 0 0 3 0 0
368 3 0 0 3 0 0 0 0 0
fn=__mempcpy_avx_unaligned_erms
242 1 1 1 0 0 0 0 0 0
243 1 0 0 0 0 0 0 0 0
244 1 0 0 0 0 0 0 0 0
245 1 0 0 0 0 0 0 0 0
fn=memcpy
210 15 1 1 0 0 0 0 0 0
211 15 0 0 0 0 0 0 0 0
217 20 0 0 0 0 0 0 0 0
218 20 0 0 0 0 0 0 0 0
220 13 0 0 13 1 0 0 0 0
221 13 0 0 0 0 0 0 0 0
222 13 0 0 0 0 0 0 0 0
224 8 0 0 8 0 0 0 0 0
225 8 0 0 0 0 0 8 1 1
226 8 0 0 0 0 0 8 1 1
228 8 0 0 8 0 0 0 0 0
308 7 0 0 0 0 0 0 0 0
309 7 0 0 0 0 0 0 0 0
311 1 0 0 0 0 0 0 0 0
315 1 0 0 0 0 0 0 0 0
316 1 0 0 0 0 0 0 0 0
317 1 0 0 0 0 0 0 0 0
318 1 1 1 1 1 1 0 0 0
319 1 0 0 0 0 0 0 0 0
323 1 0 0 0 0 0 1 1 1
325 1 0 0 1 0 0 0 0 0
364 6 0 0 6 0 0 0 0 0
365 6 0 0 6 0 0 0 0 0
366 6 0 0 0 0 0 6 1 1
367 6 0 0 0 0 0 6 0 0
368 6 0 0 6 0 0 0 0 0
375 5 0 0 5 1 0 0 0 0
376 5 0 0 5 0 0 0 0 0
377 5 0 0 0 0 0 5 2 2
378 5 0 0 0 0 0 5 2 2
379 5 0 0 0 0 0 5 2 2
380 5 0 0 0 0 0 5 0 0
381 5 0 0 5 0 0 0 0 0
392 5 1 1 0 0 0 0 0 0
393 5 0 0 0 0 0 0 0 0
395 5 0 0 5 0 0 0 0 0
396 5 0 0 0 0 0 0 0 0
397 5 0 0 0 0 0 0 0 0
fn=mempcpy
197 5 1 1 0 0 0 0 0 0
198 5 0 0 0 0 0 0 0 0
199 5 0 0 0 0 0 0 0 0
200 5 0 0 0 0 0 0 0 0
fl=/usr/src/debug/glibc/glibc/string/../sysdeps/x86_64/multiarch/memmove.c
fn=memmove
29 1 1 1 0 0 0 0 0 0
fl=/usr/src/debug/glibc/glibc/string/../sysdeps/x86_64/multiarch/mempcpy.c
fn=mempcpy
33 1 1 1 0 0 0 0 0 0
fl=/usr/src/debug/glibc/glibc/string/../sysdeps/x86_64/multiarch/memrchr.c
fn=memrchr
29 1 1 1 0 0 0 0 0 0
fl=/usr/src/debug/glibc/glibc/string/../sysdeps/x86_64/multiarch/memset-vec-unaligned-erms.S
fn=__memset_avx2_unaligned_erms
198 1 1 1 0 0 0 0 0 0
199 2 0 0 0 0 0 0 0 0
204 1 0 0 0 0 0 0 0 0
205 1 0 0 0 0 0 0 0 0
206 1 0 0 0 0 0 0 0 0
207 1 0 0 0 0 0 0 0 0
208 1 0 0 0 0 0 0 0 0
229 1 1 1 1 1 0 0 0 0
230 1 0 0 0 0 0 0 0 0
321 1 1 1 1 1 0 0 0 0
322 1 0 0 0 0 0 0 0 0
437 1 1 1 0 0 0 1 1 0
438 1 0 0 0 0 0 0 0 0
440 1 0 0 0 0 0 0 0 0
441 1 0 0 0 0 0 0 0 0
444 16383 0 0 0 0 0 16383 0 0
445 16383 0 0 0 0 0 16383 16383 16383
446 16383 0 0 0 0 0 16383 0 0
447 16383 0 0 0 0 0 16383 16383 16383
448 16383 0 0 0 0 0 0 0 0
449 16383 0 0 0 0 0 0 0 0
450 16383 0 0 0 0 0 0 0 0
451 1 0 0 0 0 0 0 0 0
452 1 0 0 0 0 0 1 0 0
453 1 0 0 0 0 0 1 1 1
454 1 0 0 0 0 0 1 0 0
455 1 1 1 0 0 0 1 1 1
456 2 0 0 1 1 0 0 0 0
fl=/usr/src/debug/glibc/glibc/string/../sysdeps/x86_64/multiarch/memset.c
fn=memset
29 4 1 1 2 0 0 0 0 0
fl=/usr/src/debug/glibc/glibc/string/../sysdeps/x86_64/multiarch/stpcpy.c
fn=stpcpy
33 2 1 1 1 0 0 0 0 0
fl=/usr/src/debug/glibc/glibc/string/../sysdeps/x86_64/multiarch/stpncpy.c
fn=stpncpy
31 1 0 0 0 0 0 0 0 0
fl=/usr/src/debug/glibc/glibc/string/../sysdeps/x86_64/multiarch/strcasecmp.c
fn=strcasecmp
31 3 1 1 1 0 0 0 0 0
fl=/usr/src/debug/glibc/glibc/string/../sysdeps/x86_64/multiarch/strcasecmp_l.c
fn=strcasecmp_l
31 3 1 1 1 0 0 0 0 0
fl=/usr/src/debug/glibc/glibc/string/../sysdeps/x86_64/multiarch/strcat.c
fn=strcat
29 2 1 1 1 0 0 0 0 0
fl=/usr/src/debug/glibc/glibc/string/../sysdeps/x86_64/multiarch/strchr-avx2.S
fn=__strchrnul_avx2
53 5 1 1 0 0 0 0 0 0
55 5 0 0 0 0 0 0 0 0
56 5 0 0 0 0 0 0 0 0
57 5 0 0 0 0 0 0 0 0
58 5 0 0 0 0 0 0 0 0
59 5 0 0 0 0 0 0 0 0
62 5 0 0 0 0 0 0 0 0
63 5 1 1 0 0 0 0 0 0
67 5 0 0 5 2 1 0 0 0
68 5 0 0 0 0 0 0 0 0
69 5 0 0 0 0 0 0 0 0
70 5 0 0 0 0 0 0 0 0
71 5 0 0 0 0 0 0 0 0
72 5 0 0 0 0 0 0 0 0
73 5 0 0 0 0 0 0 0 0
74 5 0 0 0 0 0 0 0 0
87 5 0 0 0 0 0 0 0 0
89 10 0 0 5 0 0 0 0 0
fl=/usr/src/debug/glibc/glibc/string/../sysdeps/x86_64/multiarch/strchr.c
fn=index
42 2 0 0 2 0 0 0 0 0
43 4 0 0 0 0 0 0 0 0
44 3 1 1 1 0 0 0 0 0
48 4 0 0 0 0 0 0 0 0
51 3 0 0 0 0 0 0 0 0
54 3 0 0 0 0 0 0 0 0
65 2 1 1 1 0 0 0 0 0
fl=/usr/src/debug/glibc/glibc/string/../sysdeps/x86_64/multiarch/strchrnul.c
fn=strchrnul
31 1 1 1 0 0 0 0 0 0
fl=/usr/src/debug/glibc/glibc/string/../sysdeps/x86_64/multiarch/strcmp-avx2.S
fn=__strcmp_avx2
206 2 1 1 0 0 0 0 0 0
249 2 0 0 0 0 0 0 0 0
274 2 0 0 0 0 0 0 0 0
275 2 0 0 0 0 0 0 0 0
276 2 0 0 0 0 0 0 0 0
278 2 0 0 0 0 0 0 0 0
279 2 0 0 0 0 0 0 0 0
283 2 0 0 2 1 0 0 0 0
287 2 0 0 2 1 1 0 0 0
289 2 0 0 0 0 0 0 0 0
291 2 0 0 0 0 0 0 0 0
294 2 0 0 0 0 0 0 0 0
303 2 1 1 0 0 0 0 0 0
304 2 0 0 0 0 0 0 0 0
308 2 0 0 0 0 0 0 0 0
318 2 0 0 2 0 0 0 0 0
319 2 0 0 2 0 0 0 0 0
322 2 0 0 0 0 0 0 0 0
326 4 0 0 2 0 0 0 0 0
953 2 1 1 0 0 0 0 0 0
954 2 0 0 0 0 0 0 0 0
fl=/usr/src/debug/glibc/glibc/string/../sysdeps/x86_64/multiarch/strcmp.c
fn=strcmp
47 2 0 0 2 1 0 0 0 0
48 8 0 0 2 1 0 0 0 0
49 6 1 1 2 0 0 0 0 0
53 8 0 0 2 0 0 0 0 0
56 6 0 0 2 0 0 0 0 0
59 6 0 0 0 0 0 0 0 0
79 4 2 2 2 0 0 0 0 0
fl=/usr/src/debug/glibc/glibc/string/../sysdeps/x86_64/multiarch/strcpy.c
fn=strcpy
29 2 1 1 1 0 0 0 0 0
fl=/usr/src/debug/glibc/glibc/string/../sysdeps/x86_64/multiarch/strcspn.c
fn=strcspn
29 2 1 1 1 0 0 0 0 0
fl=/usr/src/debug/glibc/glibc/string/../sysdeps/x86_64/multiarch/strlen-avx2.S
fn=__strlen_avx2
52 2 1 1 0 0 0 0 0 0
65 2 0 0 0 0 0 0 0 0
66 2 0 0 0 0 0 0 0 0
67 2 0 0 0 0 0 0 0 0
70 2 0 0 0 0 0 0 0 0
72 2 0 0 0 0 0 0 0 0
73 2 0 0 0 0 0 0 0 0
76 2 0 0 2 2 1 0 0 0
77 2 0 0 0 0 0 0 0 0
85 2 0 0 0 0 0 0 0 0
86 2 0 0 0 0 0 0 0 0
87 2 0 0 0 0 0 0 0 0
92 4 0 0 2 0 0 0 0 0
fl=/usr/src/debug/glibc/glibc/string/../sysdeps/x86_64/multiarch/strlen.c
fn=strlen
29 1 1 1 0 0 0 0 0 0
fl=/usr/src/debug/glibc/glibc/string/../sysdeps/x86_64/multiarch/strncase.c
fn=strncasecmp
31 3 1 1 1 0 0 0 0 0
fl=/usr/src/debug/glibc/glibc/string/../sysdeps/x86_64/multiarch/strncase_l.c
fn=strncasecmp_l
31 3 0 0 1 0 0 0 0 0
fl=/usr/src/debug/glibc/glibc/string/../sysdeps/x86_64/multiarch/strncmp.c
fn=strncmp
43 1 0 0 1 0 0 0 0 0
44 4 0 0 1 0 0 0 0 0
45 3 1 1 1 0 0 0 0 0
49 4 0 0 1 0 0 0 0 0
52 3 0 0 1 0 0 0 0 0
55 4 1 1 0 0 0 0 0 0
67 3 1 1 1 0 0 0 0 0
fl=/usr/src/debug/glibc/glibc/string/../sysdeps/x86_64/multiarch/strncpy.c
fn=strncpy
29 1 0 0 0 0 0 0 0 0
fl=/usr/src/debug/glibc/glibc/string/../sysdeps/x86_64/multiarch/strnlen.c
fn=strnlen
31 2 1 1 0 0 0 0 0 0
fl=/usr/src/debug/glibc/glibc/string/../sysdeps/x86_64/multiarch/strpbrk.c
fn=strpbrk
29 2 0 0 1 0 0 0 0 0
fl=/usr/src/debug/glibc/glibc/string/../sysdeps/x86_64/multiarch/strrchr-avx2.S
fn=__strrchr_avx2
53 1 1 1 0 0 0 0 0 0
54 1 0 0 0 0 0 0 0 0
55 1 0 0 0 0 0 0 0 0
57 1 0 0 0 0 0 0 0 0
58 1 1 1 0 0 0 0 0 0
62 1 0 0 0 0 0 0 0 0
63 1 0 0 0 0 0 0 0 0
64 1 0 0 0 0 0 0 0 0
67 1 0 0 1 1 0 0 0 0
69 1 0 0 0 0 0 0 0 0
70 1 0 0 0 0 0 0 0 0
71 1 0 0 0 0 0 0 0 0
72 1 0 0 0 0 0 0 0 0
75 1 0 0 0 0 0 0 0 0
76 1 0 0 0 0 0 0 0 0
78 1 0 0 0 0 0 0 0 0
79 1 0 0 0 0 0 0 0 0
80 1 0 0 0 0 0 0 0 0
81 1 0 0 0 0 0 0 0 0
82 1 0 0 0 0 0 0 0 0
91 2 0 0 1 0 0 0 0 0
fl=/usr/src/debug/glibc/glibc/string/../sysdeps/x86_64/multiarch/strrchr.c
fn=rindex
28 1 0 0 0 0 0 0 0 0
fl=/usr/src/debug/glibc/glibc/string/../sysdeps/x86_64/multiarch/strspn.c
fn=strspn
29 2 1 1 1 0 0 0 0 0
fl=/usr/src/debug/glibc/glibc/string/strdup.c
fn=strdup
40 12 1 1 0 0 0 6 0 0
41 4 0 0 0 0 0 2 0 0
44 4 0 0 0 0 0 0 0 0
47 8 0 0 0 0 0 0 0 0
48 6 0 0 6 0 0 0 0 0
fl=/usr/src/debug/glibc/glibc/wcsmbs/../sysdeps/x86_64/multiarch/ifunc-avx2.h
fn=wcschr
38 4 1 1 4 0 0 0 0 0
40 8 0 0 0 0 0 0 0 0
41 4 0 0 2 0 0 0 0 0
42 6 0 0 2 0 0 0 0 0
46 8 0 0 0 0 0 0 0 0
49 6 1 1 0 0 0 0 0 0
52 10 0 0 2 0 0 0 0 0
fn=wcscmp
38 2 0 0 2 0 0 0 0 0
40 4 0 0 0 0 0 0 0 0
41 2 1 1 1 0 0 0 0 0
42 3 0 0 1 0 0 0 0 0
46 4 0 0 0 0 0 0 0 0
49 3 0 0 0 0 0 0 0 0
52 5 0 0 1 0 0 0 0 0
fl=/usr/src/debug/glibc/glibc/wcsmbs/../sysdeps/x86_64/multiarch/ifunc-evex.h
fn=wmemchr
37 4 0 0 4 0 0 0 0 0
38 8 0 0 0 0 0 0 0 0
39 6 0 0 2 0 0 0 0 0
43 8 0 0 0 0 0 0 0 0
51 6 1 1 0 0 0 0 0 0
54 8 0 0 0 0 0 0 0 0
fl=/usr/src/debug/glibc/glibc/wcsmbs/../sysdeps/x86_64/multiarch/ifunc-memcmp.h
fn=wmemcmp
34 6 0 0 2 0 0 0 0 0
35 2 0 0 1 0 0 0 0 0
37 3 0 0 1 0 0 0 0 0
41 4 1 1 0 0 0 0 0 0
44 3 0 0 0 0 0 0 0 0
47 5 0 0 1 0 0 0 0 0
fl=/usr/src/debug/glibc/glibc/wcsmbs/../sysdeps/x86_64/multiarch/ifunc-wcs.h
fn=wcpncpy
39 2 0 0 2 0 0 0 0 0
40 4 0 0 0 0 0 0 0 0
41 3 1 1 1 0 0 0 0 0
45 3 0 0 0 0 0 0 0 0
48 5 0 0 1 0 0 0 0 0
fn=wcscat
39 2 0 0 2 0 0 0 0 0
40 4 0 0 0 0 0 0 0 0
41 3 1 1 1 0 0 0 0 0
45 3 0 0 0 0 0 0 0 0
48 5 0 0 1 0 0 0 0 0
fn=wcsncpy
39 2 0 0 2 0 0 0 0 0
40 4 0 0 0 0 0 0 0 0
41 3 1 1 1 0 0 0 0 0
45 3 0 0 0 0 0 0 0 0
48 5 0 0 1 0 0 0 0 0
fl=/usr/src/debug/glibc/glibc/wcsmbs/../sysdeps/x86_64/multiarch/ifunc-wcslen.h
fn=wcslen
40 1 0 0 1 0 0 0 0 0
41 4 0 0 1 0 0 0 0 0
42 3 1 1 1 0 0 0 0 0
46 4 0 0 1 0 0 0 0 0
49 3 1 1 1 0 0 0 0 0
52 3 0 0 0 0 0 0 0 0
fn=wcsnlen
40 1 0 0 1 0 0 0 0 0
41 4 0 0 1 0 0 0 0 0
42 3 1 1 1 0 0 0 0 0
46 4 0 0 1 0 0 0 0 0
49 3 0 0 1 0 0 0 0 0
52 3 0 0 0 0 0 0 0 0
fl=/usr/src/debug/glibc/glibc/wcsmbs/../sysdeps/x86_64/multiarch/ifunc-wmemset.h
fn=wmemset
36 8 1 1 4 0 0 0 0 0
37 6 0 0 2 0 0 0 0 0
40 4 0 0 0 0 0 0 0 0
48 6 0 0 0 0 0 0 0 0
51 8 0 0 0 0 0 0 0 0
fl=/usr/src/debug/glibc/glibc/wcsmbs/../sysdeps/x86_64/multiarch/wcpcpy.c
fn=wcpncpy
31 1 1 1 0 0 0 0 0 0
fl=/usr/src/debug/glibc/glibc/wcsmbs/../sysdeps/x86_64/multiarch/wcscat.c
fn=wcscat
31 1 1 1 0 0 0 0 0 0
fn=wcschr
31 2 0 0 0 0 0 0 0 0
fl=/usr/src/debug/glibc/glibc/wcsmbs/../sysdeps/x86_64/multiarch/wcscmp.c
fn=wcscmp
30 1 1 1 0 0 0 0 0 0
fl=/usr/src/debug/glibc/glibc/wcsmbs/../sysdeps/x86_64/multiarch/wcscpy.c
fn=wcscpy
42 2 0 0 2 0 0 0 0 0
43 4 0 0 0 0 0 0 0 0
44 3 1 1 1 0 0 0 0 0
47 3 0 0 0 0 0 0 0 0
50 3 0 0 0 0 0 0 0 0
60 2 1 1 1 0 0 0 0 0
fl=/usr/src/debug/glibc/glibc/wcsmbs/../sysdeps/x86_64/multiarch/wcslen.c
fn=wcslen
29 2 1 1 1 0 0 0 0 0
fl=/usr/src/debug/glibc/glibc/wcsmbs/../sysdeps/x86_64/multiarch/wcsncpy.c
fn=wcsncpy
31 1 1 1 0 0 0 0 0 0
fl=/usr/src/debug/glibc/glibc/wcsmbs/../sysdeps/x86_64/multiarch/wcsnlen.c
fn=wcsnlen
30 2 1 1 1 0 0 0 0 0
fl=/usr/src/debug/glibc/glibc/wcsmbs/../sysdeps/x86_64/multiarch/wmemchr.c
fn=wmemchr
31 4 1 1 2 0 0 0 0 0
fl=/usr/src/debug/glibc/glibc/wcsmbs/../sysdeps/x86_64/multiarch/wmemcmp.c
fn=wmemcmp
29 1 1 1 0 0 0 0 0 0
fl=/usr/src/debug/glibc/glibc/wcsmbs/../sysdeps/x86_64/multiarch/wmemset.c
fn=wmemset
31 4 1 1 2 0 0 0 0 0
fl=???
fn=(below main)
0 12 2 2 2 0 0 3 0 0
fn=???
0 157 17 17 57 10 0 23 5 1
fn=__popcountdi2
0 21 2 2 1 0 0 0 0 0
summary: 1006717990 1432 1429 273340612 22324973 1098 134702706 98774 98657
